"id","phase2","day","slphrs","slpwell","weath","lteq","pss","se","ssgs_shame","ssgs_guilt","swls","pc","enthusiastic","calm","nervous","sluggish","happy","peaceful","embarrassed","sad","alert","satisfied","upset","bored","proud","relaxed","stress","depressed","excited","content","tense","disappointed","ashamed","relieved","angry","pos_activ","pos_deact","neg_activ","neg_deact","pfi_auth","pfi_hubr","evalday","posaff","negaff","affbalance","temp","hum","wind","bar","prec"
203,1,0,7,2,4,3,3.25,5,1,1,6.8,7,4,6,1,1,7,7,1,1,1,7,1,2,7,6,2,1,6,7,1,1,1,2,1,5,6.6,1.2,1.2,4.142857143,1,1,5.8,1.2,4.6,48,0.58,7,30,0.01
203,1,1,7,3,1,NA,3.5,4,1,1,6.2,6.5,6,7,1,1,6,6,1,1,1,6,1,2,6,7,1,1,4,6,1,1,1,1,1,4.6,6.4,1,1.2,3.857142857,1,0,5.5,1.1,4.4,35,0.48,6,30.2,0
203,1,2,9,3,3,3,2.5,3,1,1,4.8,5,5,7,1,1,5,6,1,1,1,4,1,2,5,7,1,1,1,7,1,1,1,1,1,3.4,6.2,1,1.2,3.142857143,1,1,4.8,1.1,3.7,34,0.42,7,30.41,0
203,1,3,9,3,3,0,3.25,4,1,1,4.8,4.666666667,1,7,1,1,7,7,1,1,1,5,2,1,5,7,1,1,1,6,1,1,1,1,1,3,6.4,1.2,1,2.428571429,1,1,4.7,1.1,3.6,42,0.46,5,30.4,0
203,1,4,8,3,3,9,2.25,2,1,1,3.5,3.5,1,5,1,1,4,6,1,1,1,1,1,1,5,4,4,1,1,4,4,1,1,1,1,2.4,4,2.2,1,1.857142857,1,0,3.2,1.6,1.6,35,0.36,10,30.35,0
203,1,5,6.5,3,3,12,1,1,1.4,1,2.4,2.166666667,3,4,3,1,3,4,1,5,1,2,6,1,1,3,6,5,1,2,4,4,1,1,2,1.8,3,4,3.2,1.857142857,1,0,2.4,3.6,-1.2,32,0.35,8,30.43,0
203,1,6,8,3,3,12,2.75,3,1.2,1,4.2,4.5,5,6,1,1,6,6,1,1,1,3,2,1,3,5,2,1,1,6,2,1,1,3,1,3.2,5.2,1.6,1,3.428571429,1,1,4.2,1.3,2.9,42,0.24,3,30.35,0
203,1,7,6.5,3,0,18,2.5,4,1,1,4,5,4,6,1,1,5,6,1,1,1,4,1,1,5,5,1,1,2,6,1,1,1,1,1,3.4,5.4,1,1,3.142857143,1,0,4.4,1,3.4,39,0.8,8,30.07,0.29
203,1,8,8,3,4,27,3.5,4,1,1,5.6,5.333333333,6,5,1,1,7,5,1,1,1,6,1,1,5,4,1,1,4,4,1,1,1,1,1,4.6,4.8,1,1,4,1,1,4.7,1,3.7,44,0.79,6,29.93,0
203,1,9,9,4,2,9,3.25,3,1,1,4.4,5,4,6,1,1,5,6,1,1,1,4,1,1,1,6,1,1,5,7,1,1,1,1,1,3.2,5.8,1,1,2.285714286,1,1,4.5,1,3.5,47,0.86,3,29.95,0.04
203,1,10,9,3,2,12,3,3,1,1,4.6,5,5,6,1,1,5,6,1,1,1,5,1,1,3,6,1,1,2,7,1,1,1,1,1,3.2,6,1,1,3,1,1,4.6,1,3.6,48,0.9,10,29.54,0.12
203,1,11,7.5,3,0,9,3.25,4,1,1,4.2,4.833333333,4,5,2,1,5,5,1,1,3,5,1,1,4,6,2,1,2,6,2,1,1,1,1,3.6,5.4,1.6,1,3,1,1,4.5,1.3,3.2,36,0.74,18,29.71,0
203,1,12,7,2,4,9,3.5,3,1,1,5,5.333333333,5,6,2,1,6,6,1,1,1,6,1,1,4,6,2,1,4,7,1,1,1,1,1,4,6.2,1.4,1,3.714285714,1,1,5.1,1.2,3.9,45,0.57,2,30.09,0
203,1,13,4,1,0,9,3,3,1,1,4.2,5,1,5,2,1,6,6,1,1,1,3,1,1,4,5,2,1,3,6,1,1,1,1,1,3,5,1.4,1,3,1,0,4,1.2,2.8,45,0.72,9,29.99,0.12
203,1,14,7,2,4,9,3.75,4,1,1,6.6,6.166666667,6,6,1,1,7,6,1,1,1,7,1,1,5,6,1,1,6,6,1,1,1,1,1,5,6.2,1,1,4.142857143,1,1,5.6,1,4.6,53,0.76,5,30,0
203,1,15,7,4,1,6,3.25,3,1,1,4.4,5.5,5,5,1,1,6,6,1,1,1,4,1,1,6,6,1,1,4,6,1,1,1,1,1,4.4,5.4,1,1,3.142857143,1,1,4.9,1,3.9,56,0.86,10,29.32,0.3
203,1,16,9,3,2,15,3.25,4,1,1,4.2,5.5,5,5,1,1,5,5,1,1,1,4,1,1,5,6,NA,1,3,5,1,1,1,1,1,3.8,5,1,1,3.142857143,1,1,4.4,1,3.4,42,0.74,20,29.54,0
203,1,17,10,4,4,15,2.75,3,1,1,5,5,5,6,1,1,6,6,1,1,1,5,2,1,2,6,2,2,5,6,1,1,1,3,1,3.8,5.8,1.4,1.2,2.285714286,1,1,4.8,1.3,3.5,50,0.69,8,29.88,0
203,1,18,7.5,2,2,6,3,3,1,1,4,5.5,4,5,1,1,5,5,1,1,1,4,1,1,4,5,2,1,1,5,1,1,1,1,1,3,4.8,1.2,1,2.571428571,1,0,3.9,1.1,2.8,48,0.66,8,29.46,0.05
203,1,19,9,2,0,6,2,2,1,1,2.8,3.5,1,4,1,4,3,4,1,1,1,3,1,1,1,4,1,1,1,5,1,1,1,3,1,1.4,4,1,1.6,1.714285714,1,0,2.7,1.3,1.4,34,0.66,14,29.38,0
203,1,20,10,3,2,6,2.75,3,1,1,3.6,4.166666667,3,5,2,1,4,5,1,1,1,3,1,2,4,5,2,1,3,6,1,1,1,1,1,3,4.8,1.4,1.2,3.571428571,1,1,3.9,1.3,2.6,39,0.54,10,29.59,0
203,1,21,8,2,4,11,3.5,4,1,1,5.2,5.333333333,5,5,1,1,6,5,1,1,1,5,1,1,6,6,1,1,1,6,1,1,1,1,1,3.8,5.4,1,1,3.142857143,1,0,4.6,1,3.6,44,0.39,3,29.74,0
204,1,0,7,3,3,14,2,2,2,1,2.6,5.666666667,4,5,2,3,5,2,1,4,4,4,5,3,2,4,5,3,5,6,4,6,1,1,1,4,4.2,3.4,3.8,2.714285714,1,0,4.1,3.6,0.5,48,0.58,7,30,0.01
204,1,1,6,4,3,0,2.5,3,2.2,5,6,5.166666667,3,6,6,2,5,3,2,3,4,5,4,2,4,5,3,2,3,5,4,2,1,5,4,3.8,4.8,3.8,2.2,2.857142857,1.857142857,0,4.3,3,1.3,35,0.48,6,30.2,0
204,1,2,7,2,3,12,2,1,1.2,1,3.6,4.833333333,2,5,3,6,4,3,1,2,4,4,1,7,1,4,4,2,5,4,2,4,1,1,5,3.2,4,2.2,4.2,1.857142857,1,1,3.6,3.2,0.4,34,0.42,7,30.41,0
204,1,3,6,1,2,3,0.25,1,2.8,1,3.2,5,1,1,7,7,4,1,5,7,1,3,6,1,1,1,7,5,3,3,6,5,1,5,7,2,1.8,6.2,5,3,1,1,1.9,5.6,-3.7,42,0.46,5,30.4,0
204,1,4,6.5,2,3,0,3.5,4,1,2.2,4.6,6.5,7,3,7,1,5,1,1,1,6,6,4,1,7,2,6,1,4,5,5,1,1,5,1,5.8,3.4,4.6,1,4.142857143,1,1,4.6,2.8,1.8,35,0.36,10,30.35,0
204,1,5,9,4,3,9,2.75,4,1,1,5.4,5.166666667,6,4,4,1,5,1,1,1,5,6,3,1,1,1,5,1,5,5,1,1,1,4,1,4.4,3.4,2.8,1,3.714285714,1,1,3.9,1.9,2,32,0.35,8,30.43,0
204,1,6,7.5,2,2,3,2.75,4,1,1,4.2,5.833333333,4,5,1,7,5,3,1,1,1,5,1,1,5,1,7,4,4,4,7,1,1,1,4,3.8,3.6,3.4,2.8,3.428571429,1,0,3.7,3.1,0.6,42,0.24,3,30.35,0
204,1,7,7,4,3,15,2.25,3,2,1,2.6,3.666666667,1,1,1,7,3,1,1,7,1,3,4,4,1,1,5,5,1,4,1,4,1,1,1,1.4,2,2.4,5.4,2.142857143,1,0,1.7,3.9,-2.2,39,0.8,8,30.07,0.29
204,1,8,6,0,2,12,1,2,3.2,1,2,2.666666667,1,1,7,6,1,1,1,7,1,1,7,1,1,1,7,7,1,1,6,4,1,1,1,1,1,5.6,5,2.714285714,1,1,1,5.3,-4.3,44,0.79,6,29.93,0
204,1,9,6,4,1,3,2.5,3,1.2,1.4,5.6,5.666666667,5,3,4,1,5,1,1,1,3,5,2,1,1,3,5,1,6,6,1,1,1,3,1,4,3.6,2.6,1,3.142857143,1,1,3.8,1.8,2,47,0.86,3,29.95,0.04
204,1,10,9,3,3,0,3,4,1.2,1,5,6.666666667,5,4,1,2,5,2,1,1,4,6,1,1,4,2,4,1,3,5,4,1,1,1,1,4.2,3.8,2.2,1.2,4.142857143,1,1,4,1.7,2.3,48,0.9,10,29.54,0.12
204,1,11,6,0,3,3,3,4,1,1,5.6,5.666666667,5,5,1,5,5,1,1,1,4,6,3,1,3,1,4,1,2,4,5,1,1,1,1,3.8,3.4,2.8,1.8,4,1,0,3.6,2.3,1.3,36,0.74,18,29.71,0
204,1,12,7.5,4,4,9,3.5,4,1,1,5.6,6.666666667,4,4,1,1,4,1,1,1,4,4,1,1,5,1,5,1,5,5,1,1,1,1,1,4.4,3,1.8,1,4,1,1,3.7,1.4,2.3,45,0.57,2,30.09,0
204,1,13,7,2,2,12,1.75,3,1.8,1,4.8,4.5,5,3,1,7,4,1,4,3,1,5,1,1,3,1,7,2,5,5,3,1,1,1,3,3.6,3,3.2,2.8,4.142857143,1.714285714,1,3.3,3,0.3,45,0.72,9,29.99,0.12
204,1,14,8,4,3,9,3,4,1,1,5.6,6.833333333,5,1,5,1,5,1,1,3,5,5,2,4,2,3,6,1,5,4,1,1,1,1,1,4.4,2.8,3,2,4.428571429,1.285714286,1,3.6,2.5,1.1,53,0.76,5,30,0
204,1,15,6,3,2,9,3,5,1,1,7,6,5,5,1,4,5,5,1,1,5,5,1,1,5,1,3,1,5,5,1,1,1,1,2,5,4.2,1.4,1.6,4.142857143,1.142857143,1,4.6,1.5,3.1,56,0.86,10,29.32,0.3
204,1,16,NA,NA,NA,9,1.75,4,2.4,1.8,3.8,5,3,2,2,2,4,2,4,5,2,3,3,3,3,5,3,4,5,1,1,1,1,1,1,3.4,2.6,2.6,3,2.714285714,1.857142857,1,3,2.8,0.2,42,0.74,20,29.54,0
204,1,17,5,0,1,0,0.75,2,4.8,5,1.4,3.666666667,1,1,2,7,2,1,7,7,1,1,7,1,1,1,7,7,1,1,6,6,6,1,6,1.2,1,5.8,5.6,1.142857143,1,1,1.1,5.7,-4.6,50,0.69,8,29.88,0
204,1,18,7.5,0,2,0,2,4,1.2,1,5,5.166666667,6,1,5,1,2,1,1,4,1,4,4,1,1,3,5,2,1,2,1,1,1,1,1,2.2,2.2,3.2,1.8,2.142857143,1.285714286,1,2.2,2.5,-0.3,48,0.66,8,29.46,0.05
204,1,19,8,1,2,12,2,4,2.2,1.6,5,5.5,6,2,7,3,5,2,1,4,4,4,3,1,4,1,7,4,4,4,5,5,1,1,7,4.6,2.6,4.6,3.4,4.285714286,1.857142857,1,3.6,4,-0.4,34,0.66,14,29.38,0
204,1,20,6,0,1,9,1,3,2.2,2.2,3.4,4.166666667,1,1,7,1,1,1,1,7,1,1,7,1,1,1,7,7,1,2,6,6,6,1,6,1,1.2,5.6,4.4,1,1,0,1.1,5,-3.9,39,0.54,10,29.59,0
204,1,21,7,0,2,0,0.75,1,1.4,1.4,2.8,5.166666667,1,1,4,3,2,1,1,5,1,1,5,2,2,3,5,4,2,4,4,4,4,1,4,1.6,2,3.8,3.6,1.142857143,1,0,1.8,3.7,-1.9,44,0.39,3,29.74,0
205,1,0,7,3,4,16,3,4,1,1.8,5.8,5.166666667,3,6,4,6,4,6,1,1,2,4,1,6,3,6,4,1,1,4,4,5,1,4,1,2.6,5.2,2.8,3.8,3.142857143,1.142857143,1,3.9,3.3,0.6,48,0.58,7,30,0.01
205,1,1,6,3,2,15,2.25,4,1.8,2.2,3.6,4.666666667,6,2,5,3,6,3,2,2,3,6,1,3,2,3,4,2,6,5,5,3,3,4,1,4.6,3.8,3.4,2.6,2.714285714,1,0,4.2,3,1.2,35,0.48,6,30.2,0
205,1,2,12,3,2,15,2,4,1.4,2,4.6,4.666666667,6,5,2,7,7,6,3,2,2,4,1,6,5,5,5,3,6,5,5,2,1,2,1,5.2,5,3.2,4,2.857142857,1,1,5.1,3.6,1.5,34,0.42,7,30.41,0
205,1,3,9,3,2,23,2.25,4,1.2,2.8,3.6,4.5,4,6,5,6,5,5,1,1,2,4,2,6,4,5,6,1,4,4,5,3,1,1,1,3.8,4.8,3.8,3.4,3.285714286,1.428571429,1,4.3,3.6,0.7,42,0.46,5,30.4,0
205,1,4,7,4,1,34,2.25,4,1.6,2,2.2,4,2,4,7,5,5,4,2,3,2,4,6,1,5,4,7,2,1,4,5,4,2,3,1,3,4,5.4,3,3.285714286,1.142857143,0,3.5,4.2,-0.7,35,0.36,10,30.35,0
205,1,5,7,4,1,16,2.5,4,1,1,5.6,5.166666667,5,6,2,3,4,3,1,1,1,5,1,4,5,3,6,1,6,6,4,2,1,5,1,4.2,4.6,2.8,2.2,3.714285714,2,1,4.4,2.5,1.9,32,0.35,8,30.43,0
205,1,6,6,4,1,22,1.75,4,1.6,2.4,2.4,2.666666667,5,3,7,5,5,2,1,1,3,4,4,5,3,4,6,3,4,3,6,4,1,3,1,4,3.2,4.8,3.6,3.571428571,1.142857143,0,3.6,4.2,-0.6,42,0.24,3,30.35,0
205,1,7,7,1,0,16,2.75,3,1,1.6,5.4,4.166666667,5,6,3,7,7,5,1,2,2,6,2,4,2,6,5,3,6,6,3,1,1,2,2,4.4,5.8,2.8,3.4,4.142857143,1.571428571,0,5.1,3.1,2,39,0.8,8,30.07,0.29
205,1,8,8,2,3,22,3,4,1,1.4,6,5.166666667,7,3,2,4,7,5,1,1,2,6,1,3,1,5,3,1,7,4,4,2,2,5,1,4.8,4.6,2.2,2.2,4.428571429,1.571428571,0,4.7,2.2,2.5,44,0.79,6,29.93,0
205,1,9,8,2,2,13,2.5,3,1,1.2,5.6,4.666666667,7,5,1,6,5,4,2,1,2,6,1,5,2,4,3,2,6,6,5,2,1,2,1,4.4,5,2.4,3.2,3.571428571,1,1,4.7,2.8,1.9,47,0.86,3,29.95,0.04
205,1,10,10,2,1,8,2,4,1,1,4,4.333333333,2,3,1,7,4,1,2,1,1,5,1,4,1,3,5,3,4,3,4,1,1,2,1,2.4,3,2.6,3.2,3.285714286,1,1,2.7,2.9,-0.2,48,0.9,10,29.54,0.12
205,1,11,6,3,1,16,2.5,4,1,1.4,6,5.5,6,6,4,5,7,5,1,1,2,6,2,3,5,4,2,1,3,5,3,1,1,6,1,4.6,5.2,2.4,2.2,4.285714286,1.571428571,0,4.9,2.3,2.6,36,0.74,18,29.71,0
205,1,12,6,2,4,20,2.5,5,1,1,5.6,5.166666667,6,5,2,5,6,5,2,1,2,5,2,4,6,5,6,1,4,5,5,2,1,3,1,4.8,5,3.4,2.6,3.714285714,1.428571429,0,4.9,3,1.9,45,0.57,2,30.09,0
205,1,13,5,3,0,22,2.25,4,1.2,2,3.2,3.666666667,4,4,5,6,4,3,1,1,2,3,2,4,4,4,5,1,2,3,4,3,3,2,1,3.2,3.4,3.4,3,2.142857143,1.285714286,0,3.3,3.2,0.1,45,0.72,9,29.99,0.12
205,1,14,7,3,4,22,3.75,5,1,1.6,6.6,5.833333333,7,5,5,4,6,5,2,1,1,6,1,4,5,6,4,1,5,5,4,1,1,5,1,4.8,5.4,3.2,2.2,4.714285714,1.428571429,0,5.1,2.7,2.4,53,0.76,5,30,0
205,1,15,6.5,4,0,6,2.25,4,1.2,2,2.8,3.833333333,5,4,5,6,3,4,2,1,1,2,2,5,4,5,5,2,3,2,4,4,2,2,1,3.2,3.4,3.6,3.6,2.571428571,1.285714286,0,3.3,3.6,-0.3,56,0.86,10,29.32,0.3
205,1,16,10,2,1,6,2.5,4,1,1.4,3.6,5.166666667,4,6,4,7,6,5,1,2,2,5,2,6,2,6,2,1,3,6,5,2,2,3,3,3.4,5.6,2.8,3.6,2.571428571,1.571428571,1,4.5,3.2,1.3,42,0.74,20,29.54,0
205,1,17,10,3,4,17,2.75,5,1,1.4,5.8,4.666666667,6,5,5,7,6,4,2,2,2,4,2,4,2,5,4,2,4,5,5,1,2,2,1,4,4.6,3.6,3.2,4,1.285714286,1,4.3,3.4,0.9,50,0.69,8,29.88,0
205,1,18,7,3,1,20,2,4,1.4,1.8,4.8,4,5,5,6,5,6,5,3,2,2,5,2,4,4,5,6,1,5,5,5,2,1,3,2,4.4,5,4.4,2.8,3.857142857,1.571428571,1,4.7,3.6,1.1,48,0.66,8,29.46,0.05
205,1,19,6,1,0,18,2.5,4,1,1.4,4,5.333333333,5,5,2,6,6,5,2,3,2,4,2,4,2,5,5,1,3,5,4,2,1,1,1,3.6,4.8,3,3.2,3.571428571,1.285714286,1,4.2,3.1,1.1,34,0.66,14,29.38,0
205,1,20,6,3,1,16,2.75,5,1,1.4,4.6,5.166666667,5,5,4,4,6,6,1,2,2,5,2,4,6,5,3,1,2,4,4,1,1,1,1,4.2,5,2.8,2.4,4.285714286,1.142857143,1,4.6,2.6,2,39,0.54,10,29.59,0
205,1,21,7,3,2,20,2.5,4,1,1.2,6,4.666666667,6,5,4,2,6,3,2,1,2,5,2,3,5,6,3,NA,7,5,3,1,1,2,1,5.2,4.8,2.8,1.75,4.428571429,1.285714286,1,5,2.275,2.725,44,0.39,3,29.74,0
208,1,0,9,4,2,17,2.75,5,1,1.2,4.8,6.166666667,5,6,1,3,6,6,1,1,4,7,2,3,3,5,2,1,3,7,1,1,1,4,1,4.2,6.2,1.4,1.8,3.857142857,1.285714286,1,5.2,1.6,3.6,48,0.58,7,30,0.01
208,1,1,8,3,0,3,3.75,5,1,1,4.4,6.166666667,3,6,1,2,5,4,1,1,3,4,1,3,3,4,1,1,5,7,1,1,1,4,1,3.8,5,1,1.6,4.571428571,1,1,4.4,1.3,3.1,35,0.48,6,30.2,0
208,1,2,9.5,4,3,12,3.25,5,1.2,2,3.6,6.166666667,1,4,1,3,4,3,1,2,4,4,5,2,2,6,2,1,2,5,2,2,1,4,3,2.6,4.4,2.2,2,3,1,1,3.5,2.1,1.4,34,0.42,7,30.41,0
208,1,3,10,3,3,12,4,5,1,1,6,6.5,2,5,1,3,4,4,1,1,3,5,1,3,2,6,2,1,3,6,1,1,1,3,1,2.8,5.2,1.2,1.8,4.285714286,1,1,4,1.5,2.5,42,0.46,5,30.4,0
208,1,4,8,2,3,12,3.25,4,1.2,2.2,3.4,6.166666667,1,4,1,2,3,4,1,2,3,4,3,2,2,6,2,1,2,5,3,2,2,5,1,2.2,4.6,2,1.8,3.571428571,1,1,3.4,1.9,1.5,35,0.36,10,30.35,0
208,1,5,7.5,2,3,21,4,5,1,1,5,6.666666667,2,5,1,1,4,4,1,1,3,4,1,2,2,4,2,1,2,6,1,1,1,3,1,2.6,4.6,1.2,1.2,4,1,0,3.6,1.2,2.4,32,0.35,8,30.43,0
208,1,6,7,3,3,15,3.75,4,1,1,5,6.666666667,3,4,1,1,4,5,1,1,4,6,1,2,2,4,2,1,4,6,1,1,1,6,1,3.4,5,1.2,1.2,4.142857143,1.142857143,0,4.2,1.2,3,42,0.24,3,30.35,0
208,1,7,8,3,2,15,3.75,4,1,1,4.4,6.666666667,2,4,1,2,4,5,1,1,3,6,1,2,2,5,2,1,6,7,1,1,1,5,1,3.4,5.4,1.2,1.4,3.857142857,1.142857143,1,4.4,1.3,3.1,39,0.8,8,30.07,0.29
208,1,8,8,3,4,24,3.5,5,1,1,6.4,6.666666667,4,4,1,1,6,5,1,1,5,6,1,2,2,5,2,1,7,6,1,1,1,3,1,4.8,5.2,1.2,1.2,4.428571429,1.142857143,1,5,1.2,3.8,44,0.79,6,29.93,0
208,1,9,8,4,4,12,4,5,1,1,7,6.833333333,3,4,1,3,7,3,1,1,2,5,1,2,3,5,1,1,6,7,1,1,1,3,1,4.2,4.8,1,1.6,4.571428571,1.142857143,1,4.5,1.3,3.2,47,0.86,3,29.95,0.04
208,1,10,10,4,2,6,4,5,1,1,6.8,6.5,2,4,1,2,7,3,1,1,2,6,1,3,2,5,2,1,4,5,1,1,1,3,1,3.4,4.6,1.2,1.6,3.571428571,1.142857143,1,4,1.4,2.6,48,0.9,10,29.54,0.12
208,1,11,7.5,4,2,15,3.75,4,1,1,5.2,6.666666667,2,2,1,2,3,4,1,1,2,3,1,1,1,2,2,1,3,5,1,1,1,3,1,2.2,3.2,1.2,1.2,3.714285714,1.142857143,1,2.7,1.2,1.5,36,0.74,18,29.71,0
208,1,12,8,3,3,6,3.5,4,1,1,4.8,6.4,1,3,3,2,4,3,1,1,2,4,1,1,2,2,3,1,4,5,3,1,1,2,1,2.6,3.4,2.2,1.2,4,1.142857143,0,3,1.7,1.3,45,0.57,2,30.09,0
208,1,13,8,4,3,15,3.5,4,1,1,4.4,6.666666667,1,2,3,2,4,4,1,1,2,3,1,2,2,3,3,1,4,5,3,1,1,7,1,2.6,3.4,2.2,1.4,4.285714286,1.142857143,0,3,1.8,1.2,45,0.72,9,29.99,0.12
208,1,14,8,3,4,26,3.5,4,1,1,6.2,6.666666667,3,4,1,2,4,2,1,1,3,4,1,2,2,4,2,1,3,6,1,1,1,2,1,3,4,1.2,1.4,4,1.142857143,1,3.5,1.3,2.2,53,0.76,5,30,0
208,1,15,8,4,1,12,3.75,4,1,1,4.2,6.666666667,2,4,1,2,5,3,1,1,2,4,1,2,2,5,1,1,4,5,1,1,1,2,1,3,4.2,1,1.4,3.857142857,1.142857143,0,3.6,1.2,2.4,56,0.86,10,29.32,0.3
208,1,16,9,4,3,23,3.5,5,1,1,5.4,6.666666667,3,4,1,5,3,4,1,1,3,5,1,3,2,6,1,1,4,5,1,1,1,1,1,3,4.8,1,2.2,4,1.142857143,1,3.9,1.6,2.3,42,0.74,20,29.54,0
208,1,17,9.75,4,4,18,3.5,4,1,1,5.6,6.666666667,2,3,1,2,5,5,1,1,3,4,1,2,2,6,2,1,4,5,1,1,1,1,1,3.2,4.6,1.2,1.4,4.142857143,1.142857143,1,3.9,1.3,2.6,50,0.69,8,29.88,0
208,1,18,7,3,3,12,4,4,1,1,5.6,6.666666667,2,5,2,2,6,7,1,1,4,3,1,1,2,3,2,1,3,5,1,1,1,3,1,3.4,4.6,1.4,1.2,4.285714286,1.142857143,0,4,1.3,2.7,48,0.66,8,29.46,0.05
208,1,19,8,4,2,15,4,5,1,1,4.6,6.666666667,3,2,3,2,4,5,1,1,2,3,1,2,2,3,4,1,3,5,1,2,1,3,1,2.8,3.6,2,1.6,3.857142857,1.142857143,0,3.2,1.8,1.4,34,0.66,14,29.38,0
208,1,20,8,4,3,12,4,4,1,1,5,6.666666667,3,2,1,3,7,6,1,1,4,5,1,2,2,4,1,1,4,6,1,1,1,2,1,4,4.6,1,1.6,4.571428571,1.142857143,0,4.3,1.3,3,39,0.54,10,29.59,0
208,1,21,8,4,4,15,4,4,1,1,6.2,6.666666667,4,6,1,3,6,7,1,1,4,7,1,3,2,4,1,1,4,5,1,1,1,3,1,4,5.8,1,1.8,4.142857143,1.142857143,1,4.9,1.4,3.5,44,0.39,3,29.74,0
211,1,0,8,3,4,8,2.75,3,1,1.4,5.8,5.333333333,5,4,2,2,5,4,2,2,4,5,2,3,2,4,3,1,2,4,3,2,1,3,2,3.6,4.2,2.4,2,2.714285714,1,1,3.9,2.2,1.7,48,0.58,7,30,0.01
211,1,1,7,2,2,3,3,3,1,1,5.4,5.5,4,6,1,3,5,6,1,1,5,7,1,5,4,4,2,1,3,6,2,1,1,3,2,4.2,5.8,1.4,2.2,3,1,0,5,1.8,3.2,35,0.48,6,30.2,0
211,1,2,8,2,2,3,3,3,1,1,4.8,5.666666667,2,5,1,4,3,5,1,1,3,6,1,3,1,4,2,1,1,5,1,1,1,1,1,2,5,1.2,2,2,1,1,3.5,1.6,1.9,34,0.42,7,30.41,0
211,1,3,9,2,3,3,3.25,3,1,1,5.6,5.333333333,2,6,1,3,4,5,1,1,3,6,1,3,1,5,1,1,1,5,2,1,1,3,2,2.2,5.4,1.2,1.8,3.142857143,1,1,3.8,1.5,2.3,42,0.46,5,30.4,0
211,1,4,7,2,1,3,3,3,1,1,5.6,5.5,2,4,1,2,5,4,3,1,2,5,1,4,1,4,3,1,3,6,4,1,1,2,1,2.6,4.6,2.4,1.8,2.714285714,1,0,3.6,2.1,1.5,35,0.36,10,30.35,0
211,1,5,8,3,2,12,2.75,3,1,1,3.6,5.666666667,1,3,1,4,3,3,1,1,2,4,1,3,1,3,3,1,1,4,3,2,1,2,1,1.6,3.4,1.8,2.2,2.142857143,1,0,2.5,2,0.5,32,0.35,8,30.43,0
211,1,6,6,3,1,3,3,3,1,1,5.4,5.333333333,2,5,1,3,3,4,1,1,3,6,1,3,1,3,2,1,1,6,2,1,1,3,1,2,4.8,1.4,1.8,3.142857143,1,0,3.4,1.6,1.8,42,0.24,3,30.35,0
211,1,7,9,4,0,3,3,3,1,1,4,5.833333333,1,3,1,2,3,5,1,2,2,4,1,2,1,4,1,1,1,3,1,1,1,1,1,1.6,3.8,1,1.6,2,1,1,2.7,1.3,1.4,39,0.8,8,30.07,0.29
211,1,8,6,1,3,9,3,3,1.4,2.4,4.2,5.166666667,1,3,1,2,3,4,1,2,2,4,2,1,1,3,2,1,1,3,3,2,2,2,1,1.6,3.4,1.8,1.6,2,1,0,2.5,1.7,0.8,44,0.79,6,29.93,0
211,1,9,8,1,2,8,2.75,3,1,1,5.4,5,1,4,1,2,2,3,1,1,2,4,1,2,1,3,1,1,1,5,1,1,1,2,1,1.4,3.8,1,1.4,1.857142857,1,1,2.6,1.2,1.4,47,0.86,3,29.95,0.04
211,1,10,6,1,1,3,2,2,1,1,3.6,4.666666667,1,3,1,3,3,4,1,1,2,3,2,2,1,2,3,1,1,3,2,1,1,1,1,1.6,3,1.8,1.6,1.857142857,1,1,2.3,1.7,0.6,48,0.9,10,29.54,0.12
211,1,11,7,2,1,3,2.25,3,1,1,4.6,5.166666667,1,4,1,2,3,4,1,1,2,4,2,2,1,3,2,1,1,5,2,1,1,1,1,1.6,4,1.6,1.4,1.857142857,1,0,2.8,1.5,1.3,36,0.74,18,29.71,0
211,1,12,7,2,2,3,2.25,3,1,1,3.4,4.833333333,2,2,4,2,2,3,1,1,2,2,3,2,1,1,4,1,1,2,4,5,1,2,2,1.6,2,3.2,2.2,2.571428571,1,0,1.8,2.7,-0.9,45,0.57,2,30.09,0
211,1,13,6,2,0,3,2.75,3,1,1,4.4,4.666666667,3,2,1,2,2,2,1,1,2,3,1,2,1,2,2,1,4,3,2,1,1,3,1,2.4,2.4,1.4,1.4,2.142857143,1,1,2.4,1.4,1,45,0.72,9,29.99,0.12
211,1,14,9,3,3,3,3,3,1,1,5.2,5,4,3,2,2,4,3,1,1,2,4,2,2,3,4,1,1,7,5,1,1,1,5,1,4,3.8,1.4,1.4,2.285714286,1,1,3.9,1.4,2.5,53,0.76,5,30,0
211,1,15,5,3,2,3,2.25,3,1,1,4.8,5.333333333,2,3,1,3,2,3,1,1,2,4,1,2,1,3,2,1,1,4,1,1,1,3,1,1.6,3.4,1.2,1.6,2,1,0,2.5,1.4,1.1,56,0.86,10,29.32,0.3
211,1,16,8,2,2,8,2.25,3,1,1,4.6,5.166666667,2,3,1,2,2,4,1,1,2,3,1,2,2,3,2,1,2,4,1,1,1,5,1,2,3.4,1.2,1.4,2.857142857,1,1,2.7,1.3,1.4,42,0.74,20,29.54,0
211,1,17,8,1,2,3,1.5,2,1.4,1.2,3.2,4,1,2,2,2,2,1,1,1,2,2,2,2,1,1,3,1,1,2,3,2,2,1,2,1.4,1.6,2.2,1.6,2,1,1,1.5,1.9,-0.4,50,0.69,8,29.88,0
211,1,18,6,2,2,3,2,3,1,1,4,4.333333333,1,2,4,2,2,2,1,1,2,2,1,2,1,2,5,1,2,2,3,2,1,2,1,1.6,2,2.8,1.6,2,1,0,1.8,2.2,-0.4,48,0.66,8,29.46,0.05
211,1,19,7,3,0,12,2.25,3,1,1,4.8,5.166666667,1,3,2,2,2,2,1,1,2,3,1,2,1,2,3,1,1,4,2,1,1,2,1,1.4,2.8,1.8,1.4,2.285714286,1,0,2.1,1.6,0.5,34,0.66,14,29.38,0
211,1,20,6,3,1,3,2.75,3,1,1,5.4,5.333333333,2,3,1,2,2,2,1,1,2,4,1,2,2,2,1,1,2,4,1,1,1,2,1,2,3,1,1.4,2.285714286,1,1,2.5,1.2,1.3,39,0.54,10,29.59,0
211,1,21,8,3,2,3,2.5,3,1,1,4.4,5.5,1,3,1,3,2,2,1,1,2,3,1,2,1,3,1,1,2,2,1,1,1,3,1,1.6,2.6,1,1.6,2.142857143,1,1,2.1,1.3,0.8,44,0.39,3,29.74,0
214,1,0,6,2,3,8,3.5,3,1,1,4.6,6.5,1,6,2,3,6,6,1,1,3,6,1,7,2,6,3,1,1,6,3,1,1,6,1,2.6,6,2,2.6,3,1,1,4.3,2.3,2,48,0.58,7,30,0.01
214,1,1,5,2,1,17,2.75,4,1,1.6,3.8,6.5,4,7,2,5,6,6,1,1,4,5,1,7,4,6,1,1,3,5,1,1,1,2,1,4.2,5.8,1.2,3,3.428571429,1.285714286,0,5,2.1,2.9,35,0.48,6,30.2,0
214,1,2,8,3,4,8,3.25,3,1,1.8,3.6,6.5,6,7,2,3,5,5,1,1,6,7,1,4,2,5,2,1,7,5,1,1,1,4,1,5.2,5.8,1.4,2,2.714285714,1.857142857,1,5.5,1.7,3.8,34,0.42,7,30.41,0
214,1,3,8,4,3,8,2.75,4,1,2.4,3.2,6.166666667,4,6,2,3,5,5,1,1,6,4,5,4,2,5,5,2,4,5,1,5,2,4,6,4.2,5,2.8,3,2.857142857,1.571428571,1,4.6,2.9,1.7,42,0.46,5,30.4,0
214,1,4,5,1,1,17,2.75,4,1.6,1.8,4,6.166666667,6,4,6,7,5,3,2,1,3,5,1,4,2,5,7,4,5,2,7,2,3,1,1,4.2,3.8,4.6,3.6,3.285714286,1.428571429,1,4,4.1,-0.1,35,0.36,10,30.35,0
214,1,5,5,2,3,26,1.75,3,1.4,1.6,3.6,6.166666667,2,5,3,6,4,5,1,1,3,4,2,5,3,4,6,2,4,2,5,2,1,2,1,3.2,4,3.4,3.2,2.714285714,1.285714286,1,3.6,3.3,0.3,32,0.35,8,30.43,0
214,1,6,4,1,2,8,1,2,1.4,2.2,1.6,3.333333333,2,2,5,7,2,2,1,1,2,3,5,1,1,2,7,2,1,3,6,7,2,4,2,1.6,2.4,4.8,3.6,1.714285714,1.857142857,0,2,4.2,-2.2,42,0.24,3,30.35,0
214,1,7,8,3,2,8,1.75,2,1.6,1.6,2.8,3.5,3,4,5,2,4,3,2,6,5,3,5,4,2,3,5,5,2,3,5,2,1,3,1,3.2,3.2,4.4,3.8,2.857142857,1.714285714,0,3.2,4.1,-0.9,39,0.8,8,30.07,0.29
214,1,8,8,3,4,8,3,4,1,1.6,5,6.333333333,6,7,2,1,NA,5,2,1,6,6,2,4,6,2,1,2,5,4,3,1,1,4,1,5.75,4.8,2,1.8,4.142857143,2.428571429,0,5.275,1.9,3.375,44,0.79,6,29.93,0
214,1,9,9,4,3,17,1.75,3,1.4,1.6,2.2,5.166666667,5,5,3,2,6,7,4,1,5,3,4,2,3,6,1,1,5,3,1,4,4,5,1,4.8,4.8,2.6,2,2.142857143,1.571428571,1,4.8,2.3,2.5,47,0.86,3,29.95,0.04
214,1,10,6,2,0,3,2.25,4,1.2,1.8,1.8,5.5,5,4,1,2,4,6,2,1,3,4,2,1,3,5,2,1,5,4,2,2,1,5,1,4,4.6,1.8,1.4,2.714285714,1.714285714,1,4.3,1.6,2.7,48,0.9,10,29.54,0.12
214,1,11,6,2,3,3,2,3,1.6,1,3.4,4,4,5,4,6,2,5,1,2,3,3,2,3,4,4,5,2,2,1,4,3,1,2,1,3,3.6,3.2,3.2,2.714285714,1.714285714,1,3.3,3.2,0.1,36,0.74,18,29.71,0
214,1,12,7,3,3,8,2.5,4,1.6,2.2,4.6,5,5,5,3,4,5,2,1,1,5,4,2,3,5,4,4,1,4,3,2,3,1,5,1,4.8,3.6,2.4,2.4,4,2,1,4.2,2.4,1.8,45,0.57,2,30.09,0
214,1,13,2,0,1,17,1,2,1.6,1.8,1.4,4.333333333,2,3,6,7,4,2,1,1,2,3,5,1,1,3,6,1,4,5,7,6,2,1,1,2.6,3.2,5,3.2,1.571428571,2.428571429,1,2.9,4.1,-1.2,45,0.72,9,29.99,0.12
214,1,14,7,3,4,8,2.25,4,1.2,1.2,5.2,5.333333333,6,5,2,1,5,6,2,1,7,6,1,2,4,5,3,1,5,5,4,1,1,4,1,5.4,5.4,2.4,1.2,3.714285714,2,1,5.4,1.8,3.6,53,0.76,5,30,0
218,1,0,7.5,4,4,17,3.5,5,1,1,7,6,6,6,1,1,6,6,1,1,6,6,1,1,6,6,2,1,2,6,1,1,1,1,1,5.2,6,1.2,1,5,1,1,5.6,1.1,4.5,48,0.58,7,30,0.01
218,1,1,6.5,3,2,22,4,4,1,1.2,5,5.166666667,5,7,2,1,6,7,1,1,6,6,1,1,5,7,3,1,5,7,2,1,1,4,1,5.4,6.8,1.8,1,4,1,0,6.1,1.4,4.7,35,0.48,6,30.2,0
218,1,2,9,4,3,6,4,4,1,1,6,5.833333333,5,7,1,1,6,7,1,1,5,7,1,1,4,7,1,1,5,7,1,1,1,4,1,5,7,1,1,4,1,1,6,1,5,34,0.42,7,30.41,0
218,1,3,11,4,3,15,3.75,5,1,1,6,5.333333333,5,7,1,1,5,7,1,1,5,7,1,1,5,7,1,1,5,7,1,1,1,4,1,5,7,1,1,4,1,1,6,1,5,42,0.46,5,30.4,0
218,1,4,6,4,3,18,3.75,5,1,1,5.6,5.5,5,7,1,1,6,7,1,1,1,7,1,2,5,7,1,1,4,7,1,1,1,1,1,4.2,7,1,1.2,4.571428571,1,0,5.6,1.1,4.5,35,0.36,10,30.35,0
218,1,5,5.5,4,3,3,3.75,4,1,1,5,5.666666667,4,7,1,1,5,7,1,1,2,7,1,1,4,7,2,1,4,7,1,1,1,1,1,3.8,7,1.2,1,3.857142857,1,1,5.4,1.1,4.3,32,0.35,8,30.43,0
218,1,6,6,4,3,6,3.75,4,1,1,5.2,6,5,7,1,1,5,7,1,1,1,7,1,1,4,7,2,1,4,7,1,1,1,2,1,3.8,7,1.2,1,4.571428571,1,0,5.4,1.1,4.3,42,0.24,3,30.35,0
218,1,7,5.5,4,2,6,3.75,4,1,1,5.2,6,5,7,1,1,5,7,1,1,2,7,1,1,5,7,2,1,5,7,1,1,1,3,1,4.4,7,1.2,1,3.857142857,1,0,5.7,1.1,4.6,39,0.8,8,30.07,0.29
218,1,8,6,4,4,31,4,4,1,1,7,5.5,6,7,1,1,7,7,1,1,3,7,1,1,6,7,2,1,6,7,1,1,1,3,1,5.6,7,1.2,1,5,1,0,6.3,1.1,5.2,44,0.79,6,29.93,0
218,1,9,9,4,3,8,4,4,1,1,5.6,5.333333333,4,7,1,1,6,7,1,1,3,7,1,1,6,7,2,1,5,7,1,1,1,3,1,4.8,7,1.2,1,4,1,1,5.9,1.1,4.8,47,0.86,3,29.95,0.04
218,1,10,11,4,3,15,4,4,1,1,6,5.833333333,4,7,1,1,5,7,1,1,2,7,1,1,4,7,2,1,5,7,1,1,1,2,1,4,7,1.2,1,4,1,1,5.5,1.1,4.4,48,0.9,10,29.54,0.12
218,1,11,6,4,3,14,4,4,1,1,5.6,5.833333333,4,7,1,1,7,7,1,1,2,6,1,1,5,7,2,1,1,7,1,1,1,2,1,3.8,6.8,1.2,1,4.428571429,1,0,5.3,1.1,4.2,36,0.74,18,29.71,0
218,1,12,5,4,3,6,3.5,4,1,1.2,5.2,5.833333333,4,7,2,1,4,7,1,1,3,7,1,1,4,7,3,1,5,7,2,1,1,4,1,4,7,1.8,1,4.142857143,1,0,5.5,1.4,4.1,45,0.57,2,30.09,0
218,1,13,5,3,3,6,3.5,4,1,1,5,5.666666667,4,7,1,1,4,7,1,1,2,7,1,1,4,7,2,1,3,7,1,1,1,3,1,3.4,7,1.2,1,3.857142857,1,1,5.2,1.1,4.1,45,0.72,9,29.99,0.12
218,1,14,5,3,4,15,3.75,4,1,1,4.8,5.666666667,3,7,1,1,3,7,1,1,3,7,1,1,3,7,3,1,4,7,1,1,1,3,1,3.2,7,1.4,1,3.857142857,1,0,5.1,1.2,3.9,53,0.76,5,30,0
218,1,15,5,4,3,15,4,5,1,1,6.2,5.833333333,4,7,1,1,5,7,1,1,2,7,1,1,5,7,1,1,4,7,1,1,1,3,1,4,7,1,1,4.142857143,1,0,5.5,1,4.5,56,0.86,10,29.32,0.3
218,1,16,9.5,4,3,15,4,5,1,1,5.8,5.833333333,5,7,1,1,5,7,1,1,1,7,1,1,5,7,2,1,5,7,1,1,1,4,1,4.2,7,1.2,1,5,1,1,5.6,1.1,4.5,42,0.74,20,29.54,0
218,1,17,11.5,4,4,6,4,4,1,1,6.6,6,4,7,1,1,5,7,1,1,1,7,1,1,5,7,2,1,5,7,1,1,1,3,1,4,7,1.2,1,5,1,1,5.5,1.1,4.4,50,0.69,8,29.88,0
218,1,18,5.5,4,3,15,4,4,1,1,5.8,5.833333333,4,7,1,1,5,7,1,1,2,7,1,1,5,7,2,1,5,7,1,1,1,1,1,4.2,7,1.2,1,4.428571429,1,1,5.6,1.1,4.5,48,0.66,8,29.46,0.05
218,1,19,7,4,2,11,4,5,1,1,5.4,5.666666667,4,7,1,1,4,7,1,1,2,5,1,1,6,7,2,1,4,7,1,1,1,3,1,4,6.6,1.2,1,4.285714286,1,0,5.3,1.1,4.2,34,0.66,14,29.38,0
218,1,20,5,4,3,15,3.75,4,1,1,5.6,5.666666667,4,7,1,1,5,7,1,1,2,7,1,1,4,7,2,1,5,7,1,1,1,3,1,4,7,1.2,1,5,1,0,5.5,1.1,4.4,39,0.54,10,29.59,0
218,1,21,6,4,4,20,4,5,1,1,6.8,6,6,7,1,1,6,7,1,1,2,7,1,1,6,7,2,1,6,7,1,1,1,4,1,5.2,7,1.2,1,5,1,1,6.1,1.1,5,44,0.39,3,29.74,0
225,1,0,7,1,4,23,1.75,3,1.8,2.2,3.4,3.166666667,3,2,6,3,3,2,2,2,4,4,3,2,2,2,6,2,2,3,5,3,1,3,2,2.8,2.6,4.4,2.4,2.428571429,1,1,2.7,3.4,-0.7,48,0.58,7,30,0.01
225,1,1,3,4,1,0,2.75,3,1.8,2.4,5.2,3.5,2,3,6,6,5,4,5,2,1,6,2,5,7,3,4,2,4,5,4,2,3,6,1,3.8,4.2,4.2,3.4,3.714285714,1.714285714,0,4,3.8,0.2,35,0.48,6,30.2,0
225,1,2,12,4,1,24,2.75,3,1.8,1.8,4.6,4.166666667,5,4,4,2,5,3,3,1,4,4,2,2,3,4,2,1,5,5,3,2,1,3,1,4.4,4,2.8,1.6,2.285714286,1,1,4.2,2.2,2,34,0.42,7,30.41,0
225,1,3,9,2,0,0,2.75,3,1.2,1,4.4,4.833333333,3,5,2,6,5,5,2,2,3,5,2,6,4,6,2,1,2,4,2,2,1,3,1,3.4,5,2,3.4,2.857142857,1.142857143,1,4.2,2.7,1.5,42,0.46,5,30.4,0
225,1,4,8,3,0,13,2.5,4,2,1.6,4.2,4.166666667,6,5,4,2,5,3,5,1,4,5,2,3,2,4,3,1,5,4,3,2,3,5,1,4.4,4.2,3.4,1.8,2.142857143,1,1,4.3,2.6,1.7,35,0.36,10,30.35,0
225,1,5,8,1,1,15,2.75,3,1.2,1.4,3.4,5.333333333,4,3,2,2,4,2,2,1,4,4,2,3,3,4,4,1,4,4,2,1,1,4,1,3.8,3.4,2.4,1.6,2.571428571,1,0,3.6,2,1.6,32,0.35,8,30.43,0
225,1,6,9,3,1,13,2.25,4,1.2,1.2,3.8,4.5,3,5,2,3,4,4,1,1,2,4,1,3,2,4,2,1,2,4,1,1,1,4,1,2.6,4.2,1.4,1.8,2.428571429,1,1,3.4,1.6,1.8,42,0.24,3,30.35,0
225,1,7,6,3,1,16,2.75,4,1.2,1.6,3.8,5.166666667,5,4,2,1,5,4,3,1,3,5,1,3,3,4,2,1,5,4,2,1,1,3,1,4.2,4.2,2,1.4,2.714285714,1,1,4.2,1.7,2.5,39,0.8,8,30.07,0.29
225,1,8,8,1,1,15,2.5,3,1.2,1.2,3.8,5.333333333,5,5,2,4,5,4,1,1,3,5,1,3,2,5,2,1,4,4,1,1,1,3,1,3.8,4.6,1.4,2,2.285714286,1,1,4.2,1.7,2.5,44,0.79,6,29.93,0
225,1,9,8,3,2,33,2.75,3,1.2,1,4,5.5,5,2,5,1,4,2,1,1,4,6,1,1,5,1,1,1,5,4,3,1,1,4,2,4.6,3,2.2,1,2.714285714,1,1,3.8,1.6,2.2,47,0.86,3,29.95,0.04
225,1,10,9,0,1,28,2,2,1.4,1.2,2.6,4,2,3,5,5,2,2,2,1,2,3,1,3,1,3,4,1,1,2,3,4,1,2,3,1.6,2.6,3,2.8,2,1,1,2.1,2.9,-0.8,48,0.9,10,29.54,0.12
225,1,11,7,1,0,19,2.75,3,1,1,3,4.333333333,2,3,3,2,4,4,1,1,3,3,1,3,2,3,1,1,3,3,2,1,1,3,1,2.8,3.2,1.6,1.6,2.285714286,1,1,3,1.6,1.4,36,0.74,18,29.71,0
225,1,12,7,1,3,10,3,4,1,1,4.4,5.166666667,5,2,4,1,5,1,1,1,4,5,1,3,5,3,2,1,5,4,3,1,1,3,1,4.8,3,2.2,1.4,2.285714286,1,1,3.9,1.8,2.1,45,0.57,2,30.09,0
225,1,13,6,0,1,14,2.5,3,1,1,3,4.666666667,2,2,3,3,2,3,1,1,2,4,1,3,2,3,2,1,3,3,1,1,1,2,1,2.2,3,1.6,1.8,1.857142857,1,1,2.6,1.7,0.9,45,0.72,9,29.99,0.12
226,1,0,6,3,3,21,2,2,2.4,2.2,3,4.5,5,5,5,6,5,3,6,5,3,3,4,6,3,5,6,5,3,3,6,6,3,4,3,3.8,3.8,5.4,5.6,2.285714286,1,1,3.8,5.5,-1.7,48,0.58,7,30,0.01
226,1,1,6,1,2,26,2.75,3,1.2,1.2,4.4,5.333333333,5,6,3,4,5,5,3,2,5,5,1,6,3,5,5,1,5,6,4,3,1,5,1,4.6,5.4,3.2,3.2,3.142857143,1,0,5,3.2,1.8,35,0.48,6,30.2,0
226,1,2,5,1,2,10,1.75,3,2.2,3,1.6,3.5,5,3,5,2,3,3,5,4,5,2,5,4,3,2,5,3,4,2,5,6,2,4,5,4,2.4,5,3.8,2.285714286,1,1,3.2,4.4,-1.2,34,0.42,7,30.41,0
226,1,3,7,3,2,10,2.25,3,2.8,3.8,1.8,3.166666667,3,2,6,5,3,2,6,5,3,2,6,3,2,2,6,4,3,2,6,5,3,2,5,2.8,2,6,4.4,2,1,1,2.4,5.2,-2.8,42,0.46,5,30.4,0
226,1,4,6,2,2,26,2.5,3,1,1.4,2.8,3.666666667,4,5,3,2,4,5,3,2,4,4,2,5,3,5,3,2,5,4,4,3,2,4,2,4,4.6,3,2.8,3.142857143,1,0,4.3,2.9,1.4,35,0.36,10,30.35,0
226,1,5,6,2,2,25,2.25,3,1.4,1.2,2.8,3.166666667,4,3,5,4,3,3,4,4,3,3,5,4,2,4,5,3,3,3,5,5,2,3,5,3,3.2,4.8,4,3.142857143,1,1,3.1,4.4,-1.3,32,0.35,8,30.43,0
226,1,6,7,3,3,30,2.25,3,1.8,1.8,3.8,3.5,5,5,5,3,4,5,3,2,4,5,3,3,2,5,5,3,3,4,5,3,2,4,3,3.6,4.8,4.2,2.8,3.428571429,1,1,4.2,3.5,0.7,42,0.24,3,30.35,0
226,1,7,7,2,2,35,2.25,3,1,1,4.8,4.166666667,5,6,3,3,5,5,2,1,5,5,2,4,3,5,3,2,5,6,2,2,1,2,1,4.6,5.4,2.4,2.4,3.714285714,1,1,5,2.4,2.6,39,0.8,8,30.07,0.29
226,1,8,10,3,3,26,1.5,3,2,1.4,1.8,3,3,2,5,4,3,2,4,5,4,3,6,3,2,2,6,4,2,3,5,5,3,2,6,2.8,2.4,5.2,4.2,2,1,1,2.6,4.7,-2.1,44,0.79,6,29.93,0
226,1,9,12,4,3,13,1.75,2,2,2,2.2,2.5,3,3,6,4,2,3,4,5,3,2,5,4,2,3,6,5,3,3,6,5,2,3,5,2.6,2.8,5.4,4.6,1.857142857,1,1,2.7,5,-2.3,47,0.86,3,29.95,0.04
226,1,10,10,4,3,6,1.5,2,2.6,2.2,1.4,2.166666667,3,2,6,5,3,2,6,6,3,2,6,5,1,2,6,5,1,1,7,5,1,2,4,2.2,1.8,6.2,5.2,1.571428571,1,1,2,5.7,-3.7,48,0.9,10,29.54,0.12
226,1,11,5,1,2,21,2,2,1,1.6,1.6,2.666666667,2,2,6,4,2,1,2,4,3,2,6,3,2,2,7,3,2,2,6,6,5,2,3,2.2,1.8,5.4,4,2,1,0,2,4.7,-2.7,36,0.74,18,29.71,0
226,1,12,7,2,3,23,2.75,4,1,1,5,4,5,6,3,3,6,5,1,1,5,5,2,4,3,6,4,1,5,5,2,1,1,4,1,4.8,5.4,2.4,2,3.714285714,1,0,5.1,2.2,2.9,45,0.57,2,30.09,0
226,1,13,5,2,1,23,2.5,3,1,1,4.4,3.333333333,4,5,3,4,5,5,2,3,5,4,1,4,3,5,2,1,3,5,4,2,1,6,1,4,4.8,2.4,2.8,3.571428571,1,1,4.4,2.6,1.8,45,0.72,9,29.99,0.12
226,1,14,7,3,3,26,3,5,1,1,5.8,4.5,5,6,3,2,6,5,2,1,5,6,1,3,4,6,2,1,5,6,1,1,1,2,1,5,5.8,1.8,1.6,4.142857143,1,1,5.4,1.7,3.7,53,0.76,5,30,0
226,1,15,6,2,2,18,3,4,1,1,5.2,4.666666667,5,6,2,3,6,6,1,2,5,6,1,4,5,6,2,1,6,6,1,1,1,3,1,5.4,6,1.4,2.2,4.285714286,1,1,5.7,1.8,3.9,56,0.86,10,29.32,0.3
226,1,16,10,4,3,29,3,4,1,1,5.8,4.833333333,6,5,1,3,6,5,1,1,3,5,1,1,1,5,1,1,5,6,2,1,1,3,1,4.2,5.2,1.2,1.4,4.285714286,1,1,4.7,1.3,3.4,42,0.74,20,29.54,0
226,1,17,10,4,4,20,3,1,1,1,5.6,4.666666667,6,6,3,4,5,6,4,3,4,5,4,3,2,5,4,3,5,5,3,2,3,5,4,4.4,5.4,3.6,3,3.571428571,1,1,4.9,3.3,1.6,50,0.69,8,29.88,0
226,1,18,6,1,1,21,2.25,4,1.2,1.2,3.4,4,3,6,5,3,6,3,2,2,4,4,3,3,3,4,5,3,3,3,4,3,3,2,1,3.8,4,3.8,2.8,2.714285714,1,0,3.9,3.3,0.6,48,0.66,8,29.46,0.05
226,1,19,5,1,2,21,2.25,4,1,1,4.6,3.5,4,5,6,3,4,5,2,2,4,5,3,4,3,5,6,3,3,5,4,2,1,4,1,3.6,5,4.2,2.8,3.428571429,1,0,4.3,3.5,0.8,34,0.66,14,29.38,0
226,1,20,7,2,2,21,2.75,4,1,1,4.6,3.833333333,5,4,3,2,5,4,2,1,4,5,2,4,3,5,2,1,4,5,1,1,1,2,1,4.2,4.6,2,1.8,3.571428571,1,1,4.4,1.9,2.5,39,0.54,10,29.59,0
226,1,21,7,2,2,18,2.75,4,1,1,5,3.333333333,4,5,3,2,5,5,3,2,1,5,2,4,3,5,2,1,5,5,1,1,1,2,1,3.6,5,2.2,2,3.714285714,1,1,4.3,2.1,2.2,44,0.39,3,29.74,0
239,1,0,10,4,4,12,3,4,1.4,1.2,5.8,5,6,3,6,2,5,4,1,1,5,7,2,7,5,3,4,2,5,6,4,3,1,6,2,5.2,4.6,3.4,3,3.714285714,2,0,4.9,3.2,1.7,48,0.58,7,30,0.01
239,1,1,6,2,3,3,3.25,3,1.4,1.4,6.2,4.166666667,2,4,2,5,5,4,1,1,4,5,1,7,2,4,3,1,6,6,1,2,1,5,1,3.8,4.6,1.6,3.2,3.571428571,1.714285714,1,4.2,2.4,1.8,35,0.48,6,30.2,0
239,1,2,6,2,3,27,2.5,2,2,3.2,2.8,4.166666667,4,2,4,3,4,2,5,4,5,4,5,2,5,3,4,4,5,4,3,5,5,2,7,4.6,3,4.2,3.6,2.714285714,2.285714286,1,3.8,3.9,-0.1,34,0.42,7,30.41,0
239,1,3,8,3,3,18,2.5,3,1.2,1.4,4.8,5,2,3,2,5,5,3,2,2,4,5,2,7,5,2,4,2,6,7,2,2,2,3,5,4.4,4,2.4,3.6,4.285714286,2.714285714,1,4.2,3,1.2,42,0.46,5,30.4,0
239,1,4,7,2,3,6,2,3,2,1.6,3.6,5.166666667,3,6,4,5,5,6,1,3,4,5,3,6,2,3,4,3,2,5,4,2,1,3,1,3.2,5,3.2,3.8,2.428571429,1.857142857,0,4.1,3.5,0.6,35,0.36,10,30.35,0
239,1,5,6,3,3,6,1.75,3,1.2,1.2,3.8,5.166666667,4,3,5,4,5,3,1,1,4,5,1,6,3,3,7,1,4,5,3,1,1,4,1,4,3.8,3.4,2.6,2.428571429,1.428571429,1,3.9,3,0.9,32,0.35,8,30.43,0
239,1,6,5,2,2,9,1.5,3,1.6,1.4,5,4.666666667,4,2,6,2,4,2,1,2,4,4,2,6,3,3,6,2,4,5,3,2,1,3,1,3.8,3.2,3.6,2.8,3.142857143,1.857142857,0,3.5,3.2,0.3,42,0.24,3,30.35,0
239,1,7,7,3,2,6,1.5,3,2,2,3.4,4,3,2,4,3,4,2,2,3,4,2,6,6,2,3,6,3,4,3,4,6,3,1,5,3.4,2.4,4.4,4.2,1.571428571,1,1,2.9,4.3,-1.4,39,0.8,8,30.07,0.29
239,1,8,9,4,4,6,1.75,3,1.4,1.2,4.6,5.166666667,4,2,3,2,5,3,1,2,4,4,2,6,5,2,4,2,3,4,2,5,3,3,2,4.2,3,2.4,3.4,2.428571429,1.571428571,0,3.6,2.9,0.7,44,0.79,6,29.93,0
239,1,9,8,4,4,3,2.5,4,1,1,6,4.666666667,4,3,1,2,4,3,1,1,5,5,1,6,4,2,3,1,4,5,2,1,1,3,1,4.2,3.6,1.6,2.2,2.714285714,1.285714286,1,3.9,1.9,2,47,0.86,3,29.95,0.04
239,1,10,8,4,4,6,1.75,2,1.6,1.4,3,3.666666667,3,3,2,3,3,3,1,2,2,2,2,5,3,2,4,3,NA,3,3,2,1,3,2,2.75,2.6,2.4,3,1.142857143,1.166666667,1,2.675,2.7,-0.025,48,0.9,10,29.54,0.12
239,1,11,5,2,2,15,2.25,3,1.8,1.4,3.8,4.5,3,2,4,4,5,3,2,4,4,4,4,6,6,3,5,4,6,5,1,3,2,3,5,4.8,3.4,3.2,4.2,2.428571429,1.857142857,1,4.1,3.7,0.4,36,0.74,18,29.71,0
239,1,12,9,4,4,15,2.5,4,1,1,4.6,5.166666667,5,3,2,3,4,2,1,1,1,1,1,5,3,2,4,1,4,5,3,2,1,2,3,3.4,2.6,2.2,2.4,3,1.714285714,1,3,2.3,0.7,45,0.57,2,30.09,0
239,1,13,7,3,2,18,2,3,1.6,1,3.8,3.833333333,4,2,3,3,4,2,1,2,4,3,1,5,4,2,3,1,4,4,3,2,1,3,3,4,2.6,2.2,2.6,2.571428571,1.428571429,1,3.3,2.4,0.9,45,0.72,9,29.99,0.12
239,1,14,10,4,4,18,2.5,4,1.2,1,4.4,4.333333333,4,3,2,4,4,3,1,1,5,5,1,6,4,2,3,1,4,5,2,1,2,3,2,4.2,3.6,1.8,2.6,3.142857143,2.285714286,0,3.9,2.2,1.7,53,0.76,5,30,0
239,1,15,7,3,2,11,2.25,4,1.2,1,4.2,3.666666667,3,3,2,2,4,3,1,2,3,3,1,5,2,3,2,1,3,5,2,1,1,3,2,3,3.4,1.6,2.2,2.428571429,1.571428571,1,3.2,1.9,1.3,56,0.86,10,29.32,0.3
239,1,16,8,3,2,24,3,4,2,1.8,6.6,4.5,5,3,4,2,4,2,2,1,5,5,1,4,5,2,1,2,5,7,1,2,2,5,3,4.8,3.8,1.8,2.2,3.857142857,1.714285714,1,4.3,2,2.3,42,0.74,20,29.54,0
239,1,17,6,3,4,15,1.5,2,3.2,4,2.4,3.666666667,3,2,4,4,2,2,4,6,4,2,6,5,2,2,4,6,3,3,4,7,6,2,7,2.8,2.2,4.4,5.6,1.571428571,1.142857143,1,2.5,5,-2.5,50,0.69,8,29.88,0
239,1,18,7,3,2,9,2.25,3,1.6,1.8,5.2,3.333333333,4,3,3,3,3,3,1,2,4,5,2,6,4,2,4,3,4,6,2,3,2,3,2,3.8,3.8,2.4,3.4,3,1.714285714,1,3.8,2.9,0.9,48,0.66,8,29.46,0.05
239,1,19,5,3,2,14,2,3,1.2,1,5,4.833333333,5,3,3,3,4,3,2,2,4,5,2,6,4,3,4,2,3,5,3,2,1,3,2,4,3.8,2.8,3,3.428571429,2,1,3.9,2.9,1,34,0.66,14,29.38,0
239,1,20,7,3,3,11,2,3,1.8,1.4,3.2,2.833333333,2,3,4,3,2,3,1,2,4,2,2,4,2,2,5,3,2,3,2,4,2,1,5,2.4,2.6,2.8,3.2,1.857142857,1.285714286,0,2.5,3,-0.5,39,0.54,10,29.59,0
239,1,21,6,3,3,11,1.75,3,2.2,3.2,4.8,2.833333333,4,3,4,3,3,2,4,4,3,3,4,3,2,3,4,2,3,5,3,2,5,2,5,3,3.2,3.8,2.8,2.285714286,1.285714286,0,3.1,3.3,-0.2,44,0.39,3,29.74,0
244,1,0,7,3,3,9,3.25,4,1,1.2,5.4,5.833333333,5,5,2,2,6,6,1,1,5,5,1,2,4,5,1,1,5,6,1,1,1,4,1,5,5.4,1.2,1.4,3.857142857,1,1,5.2,1.3,3.9,48,0.58,7,30,0.01
244,1,1,6,4,3,9,2.25,4,1.2,1,4.2,4.666666667,4,6,3,3,5,5,2,2,3,5,3,3,4,5,2,1,4,5,1,2,1,4,1,4,5.2,2.2,2.2,3.142857143,1,1,4.6,2.2,2.4,35,0.48,6,30.2,0
244,1,2,7,3,4,3,3,4,1.6,1.8,4,5,6,5,3,3,6,5,3,2,3,5,2,4,4,5,NA,2,6,5,2,2,1,6,2,5,5,2.5,2.6,3.428571429,1,1,5,2.55,2.45,34,0.42,7,30.41,0
244,1,3,6,4,4,0,3.5,4,1.2,1,4.4,5.666666667,6,6,2,2,6,6,2,1,4,6,2,2,4,6,2,1,5,5,1,1,1,3,1,5,5.8,1.8,1.4,3.285714286,1,1,5.4,1.6,3.8,42,0.46,5,30.4,0
244,1,4,6,2,3,0,3,3,1.2,1,4.6,5.5,6,6,3,3,5,5,1,1,4,5,1,2,4,5,3,1,5,7,2,1,1,3,1,4.8,5.6,2,1.6,3.285714286,1,0,5.2,1.8,3.4,35,0.36,10,30.35,0
244,1,5,7,4,3,9,3,4,1,1,4.2,5.333333333,4,6,3,3,6,5,2,1,3,5,1,4,4,5,2,1,5,7,1,1,1,3,1,4.4,5.6,1.8,2,3.285714286,1,1,5,1.9,3.1,32,0.35,8,30.43,0
244,1,6,6,3,3,3,2.25,3,1.8,2.4,3.2,4.333333333,4,4,3,3,4,3,4,3,2,3,3,4,3,3,5,2,4,3,2,3,3,2,1,3.4,3.2,3.4,3,2.428571429,1,1,3.3,3.2,0.1,42,0.24,3,30.35,0
244,1,7,6,2,3,9,3,3,1.2,1,4,5,6,5,2,2,4,4,1,1,1,3,1,3,3,4,3,1,4,4,2,2,1,2,1,3.6,4,1.8,1.8,2.428571429,1,1,3.8,1.8,2,39,0.8,8,30.07,0.29
244,1,8,6,2,3,3,2.5,3,1.2,1.2,4.6,5.166666667,5,5,2,2,5,5,1,1,4,5,1,1,4,5,2,1,4,5,1,1,1,3,1,4.4,5,1.4,1.2,2.571428571,1,1,4.7,1.3,3.4,44,0.79,6,29.93,0
244,1,9,6,3,3,3,3.25,3,1,1,4.8,5.666666667,6,5,2,1,5,4,2,1,5,5,1,1,4,4,2,1,NA,5,1,1,1,4,1,5,4.6,1.6,1,3.285714286,1,1,4.8,1.3,3.5,47,0.86,3,29.95,0.04
244,1,10,6,NA,3,3,2.25,3,1,1,3,4.5,3,3,3,4,4,3,1,2,3,3,2,2,3,2,3,2,3,3,2,2,1,2,1,3.2,2.8,2.2,2.4,2.428571429,1,1,3,2.3,0.7,48,0.9,10,29.54,0.12
244,1,11,6,2,2,3,3,4,1,1,5,5.166666667,5,5,2,2,5,4,1,1,3,5,2,2,3,3,3,1,4,5,2,1,1,3,1,4,4.4,2,1.4,3.142857143,1,1,4.2,1.7,2.5,36,0.74,18,29.71,0
244,1,12,5,2,4,12,2.5,3,1,1,4.2,4.833333333,4,4,3,5,5,4,1,1,2,4,1,2,3,2,4,1,4,4,1,1,1,3,1,3.6,3.6,2,2,2.857142857,1,0,3.6,2,1.6,45,0.57,2,30.09,0
244,1,13,6,3,3,3,3,3,1,1,4.8,5.166666667,5,5,2,2,6,6,1,1,4,4,1,2,3,3,2,1,5,5,2,1,1,3,1,4.6,4.6,1.6,1.4,3.285714286,1,1,4.6,1.5,3.1,45,0.72,9,29.99,0.12
244,1,14,6,3,4,12,2.75,3,1,1,4.8,5,5,5,2,2,5,4,2,1,4,4,1,3,5,5,2,1,5,5,2,1,1,3,1,4.8,4.6,1.8,1.6,3.142857143,1,1,4.7,1.7,3,53,0.76,5,30,0
244,1,15,6,3,2,12,3,4,1,1,5.6,5.333333333,6,6,2,3,6,5,2,1,3,5,1,2,3,4,2,1,5,5,1,1,1,3,1,4.6,5,1.6,1.6,3.142857143,1,1,4.8,1.6,3.2,56,0.86,10,29.32,0.3
244,1,16,8,4,4,0,3.25,3,1,1,4.8,5.333333333,5,5,2,2,6,5,2,1,4,4,2,3,3,5,2,2,5,5,1,1,1,3,1,4.6,4.8,1.8,1.8,3.142857143,1,1,4.7,1.8,2.9,42,0.74,20,29.54,0
244,1,17,7,4,4,12,3,3,1,1,5.2,5.666666667,6,5,2,1,5,4,1,1,4,5,1,2,3,3,2,1,5,4,2,1,1,4,1,4.6,4.2,1.6,1.2,3.142857143,1,1,4.4,1.4,3,50,0.69,8,29.88,0
244,1,18,6,3,2,3,2.75,3,1,1,3.6,4.166666667,4,4,4,3,3,4,1,2,3,3,2,3,2,3,3,1,3,3,3,2,1,3,2,3,3.4,2.6,2.2,3,1,0,3.2,2.4,0.8,48,0.66,8,29.46,0.05
244,1,19,5,2,3,12,2.75,2,1,1,5,5,5,5,2,2,5,4,2,1,2,4,1,2,3,4,2,1,4,4,2,2,1,2,1,3.8,4.2,1.8,1.6,3.142857143,1,0,4,1.7,2.3,34,0.66,14,29.38,0
244,1,20,6,3,3,3,3,3,1,1,4.8,4.5,5,4,2,2,5,4,1,1,3,3,1,2,3,4,2,1,4,4,1,1,1,3,1,4,3.8,1.4,1.4,3.142857143,1,1,3.9,1.4,2.5,39,0.54,10,29.59,0
244,1,21,6,3,4,21,3,3,1,1,5.2,5.666666667,6,5,2,2,5,4,2,1,4,4,1,2,4,4,1,1,4,4,2,1,1,3,1,4.6,4.2,1.6,1.4,3.285714286,1,0,4.4,1.5,2.9,44,0.39,3,29.74,0
301,1,0,8,3,0,11,2.25,4,1.2,1,4.8,5.166666667,2,4,1,4,3,4,2,2,4,4,1,5,4,6,2,1,5,6,1,5,1,1,3,3.6,4.8,1.4,3.4,2.714285714,2.142857143,1,4.2,2.4,1.8,35,0.36,10,30.35,0
301,1,1,9,3,0,36,3,4,1,1,6.4,5.5,6,6,2,2,6,6,3,1,5,6,1,5,6,6,1,1,6,6,3,1,1,6,1,5.8,6,2,2,4,1.285714286,1,5.9,2,3.9,32,0.35,8,30.43,0
301,1,2,7.5,3,0,31,2.5,3,1,1,4,4.5,1,3,2,6,4,4,3,4,2,4,2,6,2,4,5,1,1,4,6,4,1,1,4,2,3.8,3.6,4.2,1.428571429,1,0,2.9,3.9,-1,42,0.24,3,30.35,0
301,1,3,7,3,0,25,3,5,1,1,4,4.666666667,1,4,1,6,4,4,1,1,4,3,1,6,4,4,2,1,1,5,2,1,1,1,1,2.8,4,1.4,3,3,1.857142857,1,3.4,2.2,1.2,39,0.8,8,30.07,0.29
301,1,4,6,3,4,21,2.75,4,1,1,6,5.5,6,4,2,6,6,6,1,1,5,6,1,6,6,4,2,1,6,4,2,1,1,1,2,5.8,4.8,1.6,3,3.428571429,3.285714286,1,5.3,2.3,3,44,0.79,6,29.93,0
301,1,5,8,4,2,10,2.25,5,1,1,3.4,5,1,4,2,5,3,4,1,1,3,4,1,5,4,4,5,1,2,4,1,1,1,1,1,2.6,4,2,2.6,2.142857143,1,1,3.3,2.3,1,47,0.86,3,29.95,0.04
301,1,6,8,3,2,30,2,4,1,1,4.4,4,1,4,1,5,3,4,1,1,1,4,1,1,2,4,5,1,2,4,1,1,1,1,1,1.8,4,1.8,1.8,3,1,1,2.9,1.8,1.1,48,0.9,10,29.54,0.12
301,1,7,8,3,0,47,2.75,4,1,1,4.8,5.833333333,3,4,1,6,3,4,1,1,4,4,1,6,3,4,4,1,3,5,6,1,1,2,1,3.2,4.2,2.6,3,3.142857143,1,1,3.7,2.8,0.9,36,0.74,18,29.71,0
301,1,8,8,1,3,13,1.75,4,1,1,4.6,3.833333333,1,4,1,4,2,4,1,6,4,4,5,6,6,6,2,1,3,4,1,7,1,1,7,3.2,4.4,2,4.8,3.571428571,1.857142857,1,3.8,3.4,0.4,45,0.57,2,30.09,0
301,1,9,7,3,1,36,3,4,1,1,5.2,5.5,2,4,1,3,4,4,1,3,5,5,1,6,5,4,1,1,4,4,1,1,1,1,3,4,4.2,1,2.8,4,1.428571429,0,4.1,1.9,2.2,45,0.72,9,29.99,0.12
301,1,10,7,3,4,22,2.75,5,1.2,1,5.6,4.5,3,4,1,1,4,4,1,1,4,6,1,3,5,4,1,1,4,4,1,1,1,1,1,4,4.4,1,1.4,3.714285714,1.571428571,0,4.2,1.2,3,53,0.76,5,30,0
301,1,11,6,3,0,23,3,5,1,1,5,6.5,5,4,1,1,4,4,1,1,4,4,1,5,5,5,1,1,4,4,1,1,1,1,2,4.4,4.2,1,1.8,4.142857143,1.571428571,1,4.3,1.4,2.9,56,0.86,10,29.32,0.3
301,1,12,6,3,0,10,3.5,5,1,1,5.2,5.666666667,6,4,1,2,6,6,1,1,6,6,1,1,5,5,1,1,6,6,3,1,1,5,2,5.8,5.4,1.4,1.2,2.857142857,1,1,5.6,1.3,4.3,42,0.74,20,29.54,0
301,1,13,10,3,4,0,3.25,5,1.4,1.4,4.4,5.5,5,5,1,6,5,6,3,1,6,6,1,5,4,6,1,1,5,6,1,1,1,1,1,5,5.8,1.4,2.8,2,1,1,5.4,2.1,3.3,50,0.69,8,29.88,0
301,1,14,6.5,3,2,13,3.25,5,1,1,4.6,4.333333333,3,5,1,5,4,4,1,1,3,4,1,7,5,2,1,1,4,5,1,1,1,1,1,3.8,4,1,3,3.285714286,1,0,3.9,2,1.9,48,0.66,8,29.46,0.05
301,1,15,10,2,0,13,3.5,5,1,1,4.8,5.333333333,5,4,5,7,6,6,1,1,3,6,1,7,6,6,1,1,6,6,1,1,1,4,2,5.2,5.6,1.8,3.4,3.571428571,1,0,5.4,2.6,2.8,34,0.66,14,29.38,0
301,1,16,6,0,2,10,2.5,5,1,1,3.6,3.5,2,6,2,7,6,6,1,1,1,5,1,5,1,1,1,1,2,5,6,1,1,1,5,2.4,4.6,2.2,3,2.857142857,1.285714286,1,3.5,2.6,0.9,39,0.54,10,29.59,0
301,1,17,5,0,4,36,2,5,1,1,4.6,1.833333333,3,6,3,3,6,6,5,1,4,5,1,7,3,6,1,1,3,6,3,1,1,1,6,3.8,5.8,2.6,2.6,3,1,0,4.8,2.6,2.2,44,0.39,3,29.74,0
301,1,18,4,0,3,23,2.25,4,1,1,4.6,3.5,4,4,5,3,5,5,1,1,4,5,1,4,2,5,1,1,5,5,1,1,1,1,3,4,4.8,1.8,2,2.857142857,1,1,4.4,1.9,2.5,40,0.62,2,29.9,0.04
301,1,19,4,0,2,10,3,5,1,1,5,3.5,5,6,1,7,6,6,1,1,4,3,1,6,5,5,1,1,5,5,1,1,1,2,3,5,5,1,3.2,2.142857143,1,1,5,2.1,2.9,46,0.64,10,30.11,0
301,1,20,3,0,2,5,2.25,4,1,1,1.8,3,1,7,1,7,4,5,1,1,4,2,1,7,4,6,1,1,3,6,1,1,1,1,3,3.2,5.2,1,3.4,1.857142857,1,1,4.2,2.2,2,40,0.35,9,30.2,0
301,1,21,4,0,2,23,2.5,4,1,1,4.2,3.333333333,5,6,1,3,6,6,1,1,5,5,1,7,5,5,1,1,5,5,1,1,1,1,1,5.2,5.4,1,2.6,3.285714286,1,0,5.3,1.8,3.5,39,0.38,3,30.19,0
306,1,0,10,4,2,9,3.5,2,1.2,3.2,5.8,6,4,6,1,3,6,6,2,1,4,7,2,1,4,6,3,1,4,7,1,1,3,3,2,4.4,6.4,1.8,1.4,3.142857143,1,0,5.4,1.6,3.8,35,0.36,10,30.35,0
306,1,1,9,4,2,3,2.5,3,1.4,3.8,4.4,5,3,3,1,1,4,4,1,3,3,4,3,1,1,4,2,1,5,5,1,1,1,2,4,3.2,4,1.6,1.4,2,1,1,3.6,1.5,2.1,32,0.35,8,30.43,0
306,1,2,10,3,1,3,2,3,1.6,3,2.2,2.833333333,1,2,2,1,2,2,1,4,2,1,4,2,1,2,5,2,1,3,6,3,1,1,6,1.4,2,3.6,2.4,1.142857143,1,1,1.7,3,-1.3,42,0.24,3,30.35,0
306,1,3,9,4,0,3,3.5,3,1.2,2.6,5.2,6,1,3,1,2,6,4,1,3,2,4,3,1,1,4,2,2,2,4,2,2,1,1,2,2.4,3.8,1.8,2,1.571428571,1,0,3.1,1.9,1.2,39,0.8,8,30.07,0.29
306,1,4,10,4,4,6,4,4,1,1.4,7,5.833333333,6,3,1,1,6,6,1,1,4,4,1,1,2,4,1,1,2,5,1,1,1,1,1,4,4.4,1,1,1.571428571,1,0,4.2,1,3.2,44,0.79,6,29.93,0
306,1,5,9,2,2,0,4,3,1.2,2,6.2,7,3,4,1,2,5,3,1,1,2,6,1,2,2,4,1,1,2,5,1,1,1,1,1,2.8,4.4,1,1.4,2,1,1,3.6,1.2,2.4,47,0.86,3,29.95,0.04
306,1,6,8,1,1,0,3.75,3,1,2.2,4.8,7,1,3,1,2,4,4,1,1,2,5,1,1,1,4,1,1,1,7,1,1,1,1,1,1.8,4.6,1,1.2,2,1,1,3.2,1.1,2.1,48,0.9,10,29.54,0.12
306,1,7,8,2,1,6,3.25,2,1.2,2.2,3.8,6.5,1,2,6,1,2,2,3,1,2,3,1,1,1,2,6,1,1,3,5,1,1,2,3,1.4,2.4,4.2,1,2,1,0,1.9,2.6,-0.7,36,0.74,18,29.71,0
306,1,8,9,3,2,6,2.75,1,2.4,1,4.4,3.666666667,1,2,1,2,2,2,1,3,2,2,3,1,1,2,6,2,1,2,3,2,1,1,2,1.4,2,2.8,2,1.428571429,1,0,1.7,2.4,-0.7,45,0.57,2,30.09,0
306,1,9,7,1,1,0,2.25,1,1.2,1.2,1.6,2.833333333,1,1,3,5,2,2,1,2,1,2,4,3,1,2,5,2,1,2,3,2,2,1,1,1.2,1.8,3.2,2.8,1,1,1,1.5,3,-1.5,45,0.72,9,29.99,0.12
306,1,10,4,0,2,0,2.25,2,1,1,2,3,1,1,1,5,2,1,1,2,1,1,3,2,1,1,3,1,1,1,2,2,1,1,1,1.2,1,2,2.4,1,1,1,1.1,2.2,-1.1,53,0.76,5,30,0
306,1,11,4,1,0,3,3.5,3,1,1,4.6,3.333333333,1,2,1,4,2,2,1,1,2,1,1,1,1,2,2,1,1,3,1,1,1,1,1,1.4,2,1.2,1.6,1.714285714,1,1,1.7,1.4,0.3,56,0.86,10,29.32,0.3
306,1,12,10,3,1,0,3.5,2,1,1,5.6,6.5,2,4,1,2,6,4,1,1,2,5,1,3,1,4,1,1,1,6,1,1,1,1,1,2.4,4.6,1,1.6,1.428571429,1,1,3.5,1.3,2.2,42,0.74,20,29.54,0
306,1,13,11,2,3,0,3.75,3,1,1,5.4,6.166666667,2,5,1,4,4,6,1,1,1,3,1,3,1,5,2,1,2,4,1,1,1,1,1,2,4.6,1.2,2,1.857142857,1,1,3.3,1.6,1.7,50,0.69,8,29.88,0
306,1,14,8,3,1,6,2,2,1.2,1,4.8,4.5,1,3,4,1,3,2,1,1,2,2,3,1,1,2,4,1,1,3,3,1,1,1,3,1.6,2.4,3,1,2.142857143,1,0,2,2,0,48,0.66,8,29.46,0.05
306,1,15,7,2,0,6,2.5,4,1.4,1,2.8,3.333333333,1,1,4,1,2,2,1,1,2,2,1,1,1,1,5,1,1,2,4,1,1,2,1,1.4,1.6,3,1,2.857142857,1,0,1.5,2,-0.5,34,0.66,14,29.38,0
306,1,16,8,2,0,6,3,3,1,1.8,3.8,6.166666667,1,3,2,2,3,1,1,1,2,5,1,1,1,3,2,1,1,4,2,1,1,2,1,1.6,3.2,1.6,1.2,2.142857143,1,0,2.4,1.4,1,39,0.54,10,29.59,0
306,1,17,7,2,2,6,2,2,2,1,3.2,2.666666667,2,1,4,2,2,2,1,4,1,2,5,1,1,2,4,4,1,1,3,2,1,2,2,1.4,1.6,3.4,2.6,1.428571429,1,0,1.5,3,-1.5,44,0.39,3,29.74,0
306,1,18,5,3,1,3,3,3,1.4,1,4.8,4.333333333,3,4,2,1,4,3,1,1,1,3,1,1,1,3,2,1,2,6,3,1,1,1,1,2.2,3.8,1.8,1,1.428571429,1,0,3,1.4,1.6,40,0.62,2,29.9,0.04
306,1,19,8,3,1,6,4,3,1.4,1,6.4,6.5,6,3,3,1,6,4,1,1,4,6,1,1,1,4,1,1,6,4,1,1,1,1,1,4.6,4.2,1.4,1,2.714285714,1,1,4.4,1.2,3.2,46,0.64,10,30.11,0
306,1,20,11,3,1,0,3.25,3,1.2,1,2,3.5,1,3,5,1,3,2,1,1,2,2,1,3,1,2,3,1,1,2,4,1,1,3,1,1.6,2.2,2.8,1.4,2.285714286,1,1,1.9,2.1,-0.2,40,0.35,9,30.2,0
306,1,21,7,2,1,3,0.5,2,2.2,1,1.4,1.666666667,1,1,3,1,2,1,2,4,1,1,5,2,1,2,5,4,1,2,4,4,1,1,2,1.2,1.4,3.8,3,1.142857143,1,0,1.3,3.4,-2.1,39,0.38,3,30.19,0
307,1,0,8,2,3,9,2.75,3,1.6,1.6,4,4.5,NA,NA,NA,NA,NA,NA,NA,NA,NA,NA,NA,NA,NA,NA,NA,NA,NA,NA,NA,NA,NA,NA,NA,NA,NA,NA,NA,NA,NA,NA,NA,NA,NA,35,0.36,10,30.35,0
307,1,1,7,2,3,14,3.25,3,1,1.8,4.2,4.333333333,4,5,2,3,5,5,1,1,2,5,1,6,4,4,2,1,3,5,2,1,2,1,3,3.6,4.8,1.6,2.4,3.428571429,1,1,4.2,2,2.2,32,0.35,8,30.43,0
307,1,2,8,3,2,9,3.5,3,1,1,5,5,4,4,5,4,5,5,1,1,1,4,1,5,2,3,2,1,3,4,1,1,1,1,1,3,4,2,2.4,3,1,1,3.5,2.2,1.3,42,0.24,3,30.35,0
307,1,3,8,3,3,0,3.5,2,1,1,4.2,5.166666667,3,3,1,3,3,3,1,2,2,3,1,4,2,3,1,2,3,3,1,1,1,1,1,2.6,3,1,2.4,2,1,1,2.8,1.7,1.1,39,0.8,8,30.07,0.29
307,1,4,8,3,0,9,3.5,3,1,1,6,5.5,6,4,1,2,6,3,1,1,1,4,1,2,2,3,1,1,6,6,1,1,1,3,1,4.2,4,1,1.4,2.142857143,1,1,4.1,1.2,2.9,44,0.79,6,29.93,0
307,1,5,6,2,0,0,3.5,2,1,1,4,4,4,4,2,2,4,4,1,1,1,2,1,1,2,2,1,1,2,2,1,1,1,1,1,2.6,2.8,1.2,1.2,1.857142857,1,1,2.7,1.2,1.5,47,0.86,3,29.95,0.04
307,1,6,5,2,0,0,3,2,1,1,3,3.333333333,1,4,1,3,3,3,1,4,1,2,4,1,2,2,1,4,2,2,1,1,1,1,1,1.8,2.6,1.6,2.6,1.857142857,1,1,2.2,2.1,0.1,48,0.9,10,29.54,0.12
307,1,7,7,1,0,9,2.25,2,1.2,1,4,4,2,2,2,2,2,2,1,2,1,2,1,2,1,2,2,1,1,2,2,1,1,1,1,1.4,2,1.6,1.6,2,1,1,1.7,1.6,0.1,36,0.74,18,29.71,0
307,1,8,8,2,2,9,3,2,1,1,4,4,2,2,2,2,2,2,1,1,1,2,1,2,1,2,2,1,1,2,1,1,1,1,1,1.4,2,1.4,1.4,2,1,1,1.7,1.4,0.3,45,0.57,2,30.09,0
307,1,9,7,2,0,0,3,2,1,1,4,4,3,2,2,2,3,2,1,1,1,2,1,2,1,2,1,1,1,2,1,1,1,1,1,1.8,2,1.2,1.4,2,1,1,1.9,1.3,0.6,45,0.72,9,29.99,0.12
307,1,10,8,2,4,9,2.75,2,1,1.4,4,4,2,2,2,2,2,2,1,1,1,2,1,2,1,2,2,1,1,2,1,1,1,3,1,1.4,2,1.4,1.4,2,1,1,1.7,1.4,0.3,53,0.76,5,30,0
307,1,11,8,2,1,0,2.5,2,1,1,4,4,3,3,2,3,3,3,1,1,1,2,2,2,1,2,2,1,2,2,1,1,1,1,1,2,2.4,1.6,1.6,1.857142857,1,1,2.2,1.6,0.6,56,0.86,10,29.32,0.3
307,1,12,7,1,1,9,2.5,2,1,1,4,4,4,4,1,4,4,4,1,1,1,4,1,4,3,4,3,1,4,4,1,1,1,1,1,3.2,4,1.4,2.2,2,1,1,3.6,1.8,1.8,42,0.74,20,29.54,0
307,1,13,5,1,4,0,3,3,1,1,4,4,1,4,1,4,4,4,1,1,1,2,1,4,4,4,3,1,4,4,1,1,1,1,1,2.8,3.6,1.4,2.2,2.285714286,1,1,3.2,1.8,1.4,50,0.69,8,29.88,0
307,1,14,NA,NA,NA,0,2.75,3,1,1,4,4,2,2,2,3,3,3,1,2,1,2,2,2,2,2,2,1,1,1,1,1,1,1,1,1.8,2,1.6,1.8,2,1,1,1.9,1.7,0.2,48,0.66,8,29.46,0.05
307,1,15,4,1,0,0,2.75,2,1,1,4,4,1,1,3,3,2,2,1,1,2,2,1,2,1,2,4,1,1,2,2,1,1,2,1,1.4,1.8,2.2,1.6,2,1,0,1.6,1.9,-0.3,34,0.66,14,29.38,0
307,1,16,5,1,1,0,2.25,1,1,1,4,4,1,1,2,2,2,1,1,1,1,1,1,2,1,1,3,1,1,2,2,1,1,1,1,1.2,1.2,1.8,1.4,2,1,0,1.2,1.6,-0.4,39,0.54,10,29.59,0
307,1,17,NA,1,2,0,2.75,1,1,1,4,4,1,1,4,4,2,1,1,1,2,2,2,2,2,1,4,1,1,2,1,1,1,1,1,1.6,1.4,2.4,1.8,1,1,0,1.5,2.1,-0.6,44,0.39,3,29.74,0
307,1,18,3,1,1,0,3,3,1,1,4,4,7,7,1,1,7,7,1,1,1,7,1,1,7,7,1,1,7,7,1,1,1,1,1,5.8,7,1,1,1,1,1,6.4,1,5.4,40,0.62,2,29.9,0.04
307,1,19,5,2,NA,0,2,3,1,1,4,4,7,7,7,6,7,7,1,1,1,7,2,2,2,2,2,1,2,2,1,1,1,1,1,3.8,5,2.6,2.2,1,1,1,4.4,2.4,2,46,0.64,10,30.11,0
307,1,20,3,1,2,0,4,1,1,1,4,4,7,7,7,7,7,7,7,1,1,1,1,1,1,1,1,1,1,1,1,1,1,1,1,3.4,3.4,3.4,2.2,1,1,1,3.4,2.8,0.6,40,0.35,9,30.2,0
307,1,21,10,3,2,0,2,2,1.2,1,4,4,3,3,3,3,3,3,3,3,3,3,3,3,3,3,3,3,3,3,3,3,3,3,3,3,3,3,3,2,2,1,3,3,0,39,0.38,3,30.19,0
316,1,0,7,1,3,28,2.75,3,1.6,2.6,4.6,5.666666667,2,4,3,6,4,5,2,3,4,3,1,2,3,2,5,5,3,4,6,4,1,3,2,3.2,3.6,3.4,4,3.285714286,2.142857143,1,3.4,3.7,-0.3,35,0.36,10,30.35,0
316,1,1,8,2,4,29,3,3,1.2,1,6.2,5.333333333,6,5,2,4,6,6,1,1,4,6,2,3,5,4,6,2,4,6,4,2,2,1,3,5,5.4,3,2.4,4.142857143,1.285714286,1,5.2,2.7,2.5,32,0.35,8,30.43,0
316,1,2,9,0,0,41,2.75,4,1.4,1,5.4,4.166666667,7,5,7,1,4,4,2,1,5,6,1,3,5,6,7,1,4,6,6,2,1,6,1,5,5.4,4.6,1.6,4.142857143,1,0,5.2,3.1,2.1,42,0.24,3,30.35,0
316,1,3,9,2,0,22,3,3,1.2,1,3.6,4.333333333,3,6,1,3,4,4,1,1,6,5,1,4,4,6,2,1,2,5,5,2,1,4,1,3.8,5.2,2,2.2,3.571428571,1.142857143,0,4.5,2.1,2.4,39,0.8,8,30.07,0.29
316,1,4,7,3,4,15,3,4,1.6,1.2,5.2,5.833333333,3,6,1,2,4,5,2,4,4,6,1,6,4,6,1,1,3,5,4,1,1,1,1,3.6,5.6,1.8,2.8,3.857142857,1.142857143,1,4.6,2.3,2.3,44,0.79,6,29.93,0
316,1,5,9,3,0,9,3,4,1,1.2,4.4,5,3,6,2,2,4,4,1,1,1,4,1,3,4,7,1,1,4,5,1,2,1,4,1,3.2,5.2,1.2,1.8,3.285714286,1,1,4.2,1.5,2.7,47,0.86,3,29.95,0.04
316,1,6,8,4,0,6,1.25,3,2.2,1,3.4,3.333333333,1,1,5,6,4,5,1,1,1,4,1,1,1,3,6,1,4,4,2,2,1,3,1,2.2,3.4,3,2.2,2.285714286,1,1,2.8,2.6,0.2,48,0.9,10,29.54,0.12
316,1,7,8,4,0,35,2.5,3,1,1,4.8,4.833333333,5,4,6,1,4,4,1,1,6,4,1,3,4,5,6,1,2,5,1,1,1,1,1,4.2,4.4,3,1.4,4,1,0,4.3,2.2,2.1,36,0.74,18,29.71,0
316,1,8,8,2,2,21,2.75,4,1.4,1,4.8,5.833333333,4,5,2,1,5,5,1,1,7,4,1,3,4,5,6,1,3,5,2,1,1,5,1,4.6,4.8,2.4,1.4,3.857142857,1,0,4.7,1.9,2.8,45,0.57,2,30.09,0
316,1,9,8,3,0,29,2.25,4,1.2,1,3.8,5.166666667,4,1,1,1,6,4,1,1,6,5,1,3,4,6,1,1,1,5,2,1,1,1,1,4.2,4.2,1.2,1.4,3.571428571,1,1,4.2,1.3,2.9,45,0.72,9,29.99,0.12
316,1,10,6,2,4,30,1.5,2,2,1.4,5,3.333333333,3,5,1,1,3,5,1,1,3,2,1,3,2,4,5,6,2,4,2,5,1,1,1,2.6,4,2,3.2,2.571428571,1,0,3.3,2.6,0.7,53,0.76,5,30,0
316,1,11,5,0,0,9,1.5,3,1.8,1,3.4,3.5,2,2,1,5,4,4,1,2,2,5,1,6,2,4,1,6,4,5,1,1,1,1,4,2.8,4,1,4,3.571428571,1,1,3.4,2.5,0.9,56,0.86,10,29.32,0.3
316,1,12,8,3,1,24,3,4,1.2,2.8,5,4.833333333,4,6,2,5,4,4,1,1,1,3,1,5,4,6,2,1,5,4,2,2,4,1,1,3.6,4.6,1.6,2.8,3.857142857,1.142857143,1,4.1,2.2,1.9,42,0.74,20,29.54,0
316,1,13,4,0,2,32,3,4,1,1,5.2,5,5,4,1,1,6,6,1,1,5,4,1,3,6,4,1,1,4,5,1,1,1,4,1,5.2,4.6,1,1.4,4,1.333333333,1,4.9,1.2,3.7,50,0.69,8,29.88,0
316,1,14,8,3,2,29,2.75,4,1,1,5.8,5.166666667,4,2,1,3,5,2,1,1,6,5,1,3,5,4,5,1,5,4,5,2,1,2,1,5,3.4,2.6,2,4.142857143,1,1,4.2,2.3,1.9,48,0.66,8,29.46,0.05
316,1,15,7,3,0,22,2,4,1,1,4,4.666666667,5,6,5,1,3,2,1,1,6,3,1,1,3,1,7,1,3,5,7,2,1,1,1,4,3.4,4.2,1.2,3.714285714,1.142857143,0,3.7,2.7,1,34,0.66,14,29.38,0
316,1,16,9,3,2,32,2.75,4,1,1,5.2,4.833333333,5,1,1,4,5,4,1,1,7,5,1,2,5,4,2,1,5,4,2,2,1,4,1,5.4,3.6,1.4,2,3.714285714,1.285714286,1,4.5,1.7,2.8,39,0.54,10,29.59,0
316,1,17,8,3,1,12,2.75,3,1,1,5,5,3,5,1,1,4,5,1,1,3,5,1,3,5,6,2,1,4,5,2,1,1,1,3,3.8,5.2,1.4,1.4,3.571428571,1.142857143,1,4.5,1.4,3.1,44,0.39,3,29.74,0
316,1,18,8,3,4,23,3,3,1.4,1,5.4,5.833333333,4,5,1,1,4,3,1,1,6,5,1,3,5,4,2,1,5,5,2,1,1,3,1,4.8,4.4,1.4,1.4,3.857142857,1,0,4.6,1.4,3.2,40,0.62,2,29.9,0.04
316,1,19,6,1,4,8,3.25,3,1.6,2.2,5.6,5.833333333,3,5,1,7,5,4,1,1,3,5,1,1,2,5,1,2,4,5,1,1,3,6,2,3.4,4.8,1,2.4,2.857142857,1,1,4.1,1.7,2.4,46,0.64,10,30.11,0
316,1,20,8,3,4,18,2.75,4,1.8,2,5.8,4.833333333,3,6,1,5,4,4,1,1,3,4,1,6,4,7,1,4,4,5,2,1,1,1,1,3.6,5.2,1.2,3.4,3.285714286,1.142857143,1,4.4,2.3,2.1,40,0.35,9,30.2,0
316,1,21,8,3,1,20,2,1,1.4,2.2,3.6,4.833333333,3,5,1,2,5,4,1,1,3,5,2,5,3,4,1,1,3,5,2,1,1,3,2,3.4,4.6,1.4,2,3.571428571,1,1,4,1.7,2.3,39,0.38,3,30.19,0
321,1,0,6,1,2,24,1.5,2,1.2,1,2.6,3.833333333,3,5,5,4,3,3,1,3,3,2,5,2,2,2,5,3,2,2,4,4,1,1,3,2.6,2.8,4,3.2,2,1,1,2.7,3.6,-0.9,35,0.36,10,30.35,0
321,1,1,6,0,0,30,2.5,3,1,1,4.4,4.166666667,2,5,3,1,3,1,1,4,3,3,4,2,1,NA,4,4,2,3,3,2,1,1,3,2.2,3,3,2.6,1.714285714,1,1,2.6,2.8,-0.2,32,0.35,8,30.43,0
321,1,2,8,3,1,24,2.25,2,1,1.4,2.8,5.2,3,3,2,1,4,3,1,1,4,2,2,3,1,3,2,1,3,5,1,1,1,2,1,3,3.2,1.6,1.4,2,1,1,3.1,1.5,1.6,42,0.24,3,30.35,0
321,1,3,7,2,0,33,2.5,1,1,1,3.6,4.2,3,3,4,2,3,3,1,5,3,1,4,4,1,2,4,2,3,3,2,5,4,1,3,2.6,2.4,3,3.6,1.428571429,1,1,2.5,3.3,-0.8,39,0.8,8,30.07,0.29
321,1,4,5,0,2,33,2,1,1,1,2.8,4.833333333,1,2,4,2,2,2,1,3,2,2,1,1,1,3,4,2,2,2,2,6,3,1,4,1.6,2.2,2.4,2.8,1.428571429,1,0,1.9,2.6,-0.7,44,0.79,6,29.93,0
321,1,5,10,3,2,15,2.25,2,1,1,3.2,6.5,3,7,2,5,4,5,1,2,3,3,2,1,1,5,1,1,2,5,1,2,1,3,1,2.6,5,1.4,2.2,1.571428571,1,1,3.8,1.8,2,47,0.86,3,29.95,0.04
321,1,6,8,2,1,9,2,1,1,1,4.2,6,3,3,2,2,3,3,1,2,3,3,2,1,1,3,2,1,2,4,1,3,1,2,1,2.4,3.2,1.6,1.8,2.285714286,1,1,2.8,1.7,1.1,48,0.9,10,29.54,0.12
321,1,7,5,0,0,33,2.25,1,1,1,3.8,5.333333333,2,3,1,3,3,3,1,1,3,4,1,2,1,4,2,1,2,5,1,1,1,2,1,2.2,3.8,1.2,1.6,2.142857143,1,0,3,1.4,1.6,36,0.74,18,29.71,0
321,1,8,8,3,3,30,2.5,2,1,1,4.4,6,3,4,4,1,2,4,1,1,1,4,1,3,1,4,NA,3,1,4,1,1,1,1,1,1.6,4,1.75,1.8,2,1,1,2.8,1.775,1.025,45,0.57,2,30.09,0
321,1,9,8,3,1,39,2.25,1,1,1,2.6,5.166666667,1,1,4,1,1,2,1,3,2,2,4,2,1,1,5,2,1,2,1,5,1,1,3,1.2,1.6,3,2.6,1.571428571,1,0,1.4,2.8,-1.4,45,0.72,9,29.99,0.12
321,1,10,5,0,4,38,3,2,1,1,6,6.4,5,5,1,1,5,5,1,1,3,5,1,1,3,5,NA,1,5,5,1,1,1,5,1,4.2,5,1,1,3.142857143,1,0,4.6,1,3.6,53,0.76,5,30,0
321,1,11,4,0,0,33,2,2,1,1,3.4,5,1,2,3,4,2,2,1,3,1,3,5,3,1,2,6,3,1,2,2,5,2,2,4,1.2,2.2,3.4,3.6,1.857142857,1,0,1.7,3.5,-1.8,56,0.86,10,29.32,0.3
321,1,12,6,1,0,21,3,1,1,1,3.2,6.333333333,3,4,1,5,3,3,1,1,1,4,1,5,2,4,2,1,3,4,1,1,1,3,1,2.4,3.8,1.2,2.6,2.142857143,1,1,3.1,1.9,1.2,42,0.74,20,29.54,0
321,1,13,4,0,4,NA,2,2,1,1,4.2,6.4,2,5,2,4,4,4,1,1,2,6,2,1,3,5,2,1,2,6,2,1,1,3,1,2.6,5.2,1.8,1.6,2.571428571,1,0,3.9,1.7,2.2,50,0.69,8,29.88,0
321,1,14,7,2,1,24,2.75,2,1,1,3.2,6,3,3,2,3,3,3,1,1,2,4,1,1,2,5,2,1,1,5,1,2,1,1,1,2.2,4,1.4,1.6,2.571428571,1,0,3.1,1.5,1.6,48,0.66,8,29.46,0.05
321,1,15,4,0,0,21,2,3,1.4,1,2,4.5,1,2,3,5,1,2,1,1,1,2,5,1,1,1,5,1,1,1,3,3,1,1,4,1,1.6,3.4,2.2,1,1,0,1.3,2.8,-1.5,34,0.66,14,29.38,0
321,1,16,4,0,1,27,2.25,1,1.4,1,2.2,5.2,1,2,3,3,2,2,1,1,1,1,3,3,1,2,5,1,1,2,3,3,1,1,3,1.2,1.8,3,2.2,1.142857143,1,NA,1.5,2.6,-1.1,39,0.54,10,29.59,0
321,1,17,5,0,NA,33,2.5,2,1,1,5.6,6.833333333,5,5,4,1,7,5,1,1,3,6,1,1,3,3,4,1,7,5,1,1,1,7,1,5,4.8,2.2,1,3.142857143,1,NA,4.9,1.6,3.3,44,0.39,3,29.74,0
321,1,18,5,1,0,36,2.5,2,1,1,4,6.666666667,3,4,1,1,5,4,1,1,2,5,1,1,1,4,1,1,3,5,1,1,1,1,1,2.8,4.4,1,1,2.142857143,1,0,3.6,1,2.6,40,0.62,2,29.9,0.04
321,1,19,8,3,2,17,3,1,1,1,4.4,5.833333333,3,5,1,3,5,5,1,1,1,6,2,1,1,5,1,1,3,6,1,1,1,1,1,2.6,5.4,1.2,1.4,1.428571429,1,1,4,1.3,2.7,46,0.64,10,30.11,0
321,1,20,10,4,3,11,2,1,1.4,1.4,3.2,5.833333333,1,4,2,5,5,5,1,2,1,3,4,1,1,4,3,4,2,4,2,4,4,1,2,2,4,2.4,3.2,1,1,1,3,2.8,0.2,40,0.35,9,30.2,0
321,1,21,3,0,1,15,2,1,1.2,1.4,2.6,5.5,1,4,1,6,2,4,1,2,1,2,4,1,1,5,1,2,1,4,1,4,4,1,2,1.2,3.8,1.6,3,1.142857143,1,0,2.5,2.3,0.2,39,0.38,3,30.19,0
322,1,0,4.5,0,1,8,1.25,2,3.4,2.4,2.2,3.833333333,2,3,5,5,3,3,2,5,2,3,5,4,2,2,5,5,2,2,5,5,4,4,4,2.2,2.6,4.4,4.8,1.285714286,1.285714286,0,2.4,4.6,-2.2,35,0.36,10,30.35,0
322,1,1,8,1,2,8,2.25,4,2,2.8,3.4,3.666666667,4,3,5,3,4,5,2,3,3,3,2,5,2,4,3,2,4,5,4,3,1,5,2,3.4,4,3.2,3.2,2.285714286,1,1,3.7,3.2,0.5,32,0.35,8,30.43,0
322,1,2,3,0,1,12,2.75,3,1.4,1,3.2,5.833333333,2,5,4,3,2,1,5,4,3,6,2,5,3,1,2,6,4,3,5,3,1,2,2,2.8,3.2,3.6,4.2,2.714285714,1.142857143,0,3,3.9,-0.9,42,0.24,3,30.35,0
322,1,3,9,2,1,3,2.75,3,1.6,1.6,4.2,5.333333333,4,5,5,4,4,5,2,3,4,4,2,5,3,4,4,3,4,5,3,3,2,4,1,3.8,4.6,3.2,3.6,2.571428571,1.142857143,0,4.2,3.4,0.8,39,0.8,8,30.07,0.29
322,1,4,7,2,2,8,2.25,3,1.2,1,4.2,5.333333333,4,4,4,2,5,4,1,2,2,3,1,4,3,4,4,2,4,4,2,1,1,3,1,3.6,3.8,2.4,2.2,2.428571429,1.142857143,1,3.7,2.3,1.4,44,0.79,6,29.93,0
322,1,5,7,2,1,3,2.5,3,1,1,4,5.333333333,3,4,4,3,4,4,2,3,3,4,1,5,3,4,4,2,4,4,3,1,1,2,1,3.4,4,2.8,2.8,1.571428571,1.142857143,1,3.7,2.8,0.9,47,0.86,3,29.95,0.04
322,1,6,6,1,2,8,2.5,3,1,1,4,4.333333333,4,3,4,2,5,4,2,1,2,3,2,4,2,5,4,3,4,4,2,1,1,2,1,3.4,3.8,2.8,2.2,1.857142857,1.142857143,1,3.6,2.5,1.1,48,0.9,10,29.54,0.12
322,1,7,NA,NA,NA,NA,NA,NA,NA,NA,NA,NA,NA,NA,NA,NA,NA,NA,NA,NA,NA,NA,NA,NA,NA,NA,NA,NA,NA,NA,NA,NA,NA,NA,NA,NA,NA,NA,NA,NA,NA,NA,NA,NA,NA,36,0.74,18,29.71,0
322,1,8,9,2,3,3,2.5,3,1,1.2,4.4,4,3,4,3,4,4,5,2,2,3,4,2,3,3,4,3,2,3,4,3,1,1,2,1,3.2,4.2,2.6,2.4,2.285714286,1.142857143,0,3.7,2.5,1.2,45,0.57,2,30.09,0
322,1,9,7,1,1,3,2.5,3,1,1,2.2,4.333333333,4,3,5,4,4,3,3,2,4,3,2,3,2,4,4,3,5,4,2,4,3,4,2,3.8,3.4,3.2,3.2,2,1.142857143,1,3.6,3.2,0.4,45,0.72,9,29.99,0.12
322,1,10,7,2,2,8,2.5,3,1,1,4.2,4.333333333,3,4,3,2,3,3,1,1,3,4,2,4,3,5,3,2,4,3,2,2,1,3,1,3.2,3.8,2.2,2.2,2.142857143,1,0,3.5,2.2,1.3,53,0.76,5,30,0
322,1,11,6,1,0,8,2,3,1,1,1.4,2.833333333,3,2,4,3,2,3,1,2,2,2,2,3,2,2,3,2,3,2,3,2,1,2,1,2.4,2.2,2.6,2.4,1.857142857,1,1,2.3,2.5,-0.2,56,0.86,10,29.32,0.3
322,1,12,6,2,0,8,1.5,2,1,1,3.2,3.333333333,2,3,3,2,2,3,2,1,3,2,1,4,2,3,4,3,2,3,3,2,1,2,1,2.2,2.8,2.6,2.4,2,1,1,2.5,2.5,0,42,0.74,20,29.54,0
322,1,13,6,0,4,3,2,3,1,1,4.2,3.333333333,2,3,4,3,3,3,1,2,2,3,2,4,2,3,3,2,2,3,1,2,1,3,1,2.2,3,2.2,2.6,2.285714286,1,1,2.6,2.4,0.2,50,0.69,8,29.88,0
322,1,14,7,0,1,8,1.25,2,1,1,3,2.333333333,2,2,4,3,2,3,1,2,2,2,3,4,1,2,5,2,2,2,3,2,1,3,2,1.8,2.2,3.2,2.6,2.142857143,1,1,2,2.9,-0.9,48,0.66,8,29.46,0.05
322,1,15,6,1,0,3,1.25,2,1,1,2.4,3.166666667,2,2,3,3,2,2,1,1,2,1,2,4,2,2,4,3,2,2,4,2,1,2,2,2,1.8,2.8,2.6,2,1.142857143,0,1.9,2.7,-0.8,34,0.66,14,29.38,0
322,1,16,4,0,1,3,0.25,1,1.4,1,1,1.5,1,1,6,1,2,2,1,4,2,1,3,2,1,1,5,4,1,1,7,4,1,3,2,1.4,1.2,4.4,3,1.714285714,1,0,1.3,3.7,-2.4,39,0.54,10,29.59,0
322,1,17,8,0,3,3,1.25,2,1.4,1,3.6,3,2,2,4,3,2,2,1,3,1,2,3,4,1,2,3,3,1,2,4,3,1,2,2,1.4,2,3,3.2,1.714285714,1.142857143,0,1.7,3.1,-1.4,44,0.39,3,29.74,0
322,1,18,6,1,2,8,1.5,1,1,1,2.4,2.833333333,2,2,4,3,2,2,2,3,2,2,3,4,2,2,4,3,2,2,4,4,5,4,3,2,2,3.4,3.4,1.428571429,1.142857143,1,2,3.4,-1.4,40,0.62,2,29.9,0.04
322,1,19,6,1,2,12,1.75,1,2,1.4,3.2,2.833333333,3,3,4,3,3,3,2,2,4,3,3,2,2,3,3,3,3,3,3,2,3,3,4,3,3,3,2.4,1.285714286,1,1,3,2.7,0.3,46,0.64,10,30.11,0
322,1,20,8,2,2,3,1,2,1.6,1.8,4,3.166666667,3,3,3,2,3,3,2,2,2,3,2,3,1,2,3,2,3,3,2,2,3,2,2,2.4,2.8,2.4,2.2,1,1,1,2.6,2.3,0.3,40,0.35,9,30.2,0
322,1,21,8,2,2,3,1.25,2,1.4,2,3.8,3,2,3,4,3,3,3,1,3,2,3,2,4,2,3,4,3,3,3,2,2,1,2,1,2.4,3,2.6,3,1.571428571,1,1,2.7,2.8,-0.1,39,0.38,3,30.19,0
324,1,0,4,2,2,40,2.25,4,1.2,1.6,3.6,5,4,3,1,2,5,4,1,1,4,5,1,5,3,4,4,1,6,6,3,1,1,4,1,4.4,4.4,2,2,2.857142857,1,1,4.4,2,2.4,35,0.36,10,30.35,0
324,1,1,9,4,3,38,2.75,3,1,1,4.6,6,5,4,1,3,6,4,1,1,4,6,1,1,3,3,3,1,7,5,2,1,1,3,1,5,4.4,1.6,1.4,3,1,1,4.7,1.5,3.2,32,0.35,8,30.43,0
324,1,2,4,0,1,NA,1.75,4,1.6,1,2,3.5,3,1,5,1,3,1,1,5,1,3,7,2,4,3,6,2,5,4,3,6,1,3,7,3.2,2.4,4.4,3.2,2.428571429,1,1,2.8,3.8,-1,42,0.24,3,30.35,0
324,1,3,7,4,2,NA,2.5,4,1.4,2.2,4.6,4.5,5,4,3,1,6,5,1,1,1,4,1,1,5,4,3,1,6,5,1,1,1,2,1,4.6,4.4,1.8,1,3.428571429,1,1,4.5,1.4,3.1,39,0.8,8,30.07,0.29
324,1,4,4,3,4,58,3,4,1,1,4.8,5.166666667,4,5,2,1,5,4,1,1,2,6,1,5,3,6,2,1,6,7,2,1,1,2,1,4,5.6,1.6,1.8,3.285714286,1,1,4.8,1.7,3.1,44,0.79,6,29.93,0
324,1,5,4,3,1,NA,2.5,4,1,1,4.8,5.166666667,5,4,1,1,6,5,1,1,1,7,1,3,4,5,2,1,5,6,1,1,1,4,1,4.2,5.4,1.2,1.4,3.714285714,1,1,4.8,1.3,3.5,47,0.86,3,29.95,0.04
324,1,6,5,4,0,NA,3,4,1,1,4.6,4.833333333,5,3,6,2,4,3,1,1,1,5,1,1,3,2,6,1,4,5,5,1,1,2,1,3.4,3.6,3.8,1.2,3.142857143,1,1,3.5,2.5,1,48,0.9,10,29.54,0.12
324,1,7,4,3,0,NA,1.75,3,1,1,3,5.5,3,4,6,2,4,3,1,1,1,3,2,1,3,4,7,1,4,5,6,1,1,2,1,3,3.8,4.4,1.2,3.142857143,1,0,3.4,2.8,0.6,36,0.74,18,29.71,0
324,1,8,4,3,4,NA,2.25,4,1,1,3.2,4.666666667,2,2,6,3,4,3,1,1,2,3,1,2,2,3,7,1,4,5,6,7,1,2,1,2.8,3.2,4.2,2.8,3.142857143,1,0,3,3.5,-0.5,45,0.57,2,30.09,0
324,1,9,4.5,3,0,NA,2.5,4,1,1,5.2,5.166666667,5,2,6,1,7,3,1,1,2,6,1,1,4,2,6,1,5,7,4,1,1,3,1,4.6,4,3.6,1,3.857142857,1,0,4.3,2.3,2,45,0.72,9,29.99,0.12
324,1,10,3.5,2,4,NA,3.75,5,1,1,6.4,5.166666667,6,3,1,1,7,6,1,1,2,7,1,1,5,4,1,1,6,6,1,1,1,2,1,5.2,5.2,1,1,3.857142857,1,1,5.2,1,4.2,53,0.76,5,30,0
324,1,11,3.5,3,0,NA,3,4,1.2,1,5.6,5.333333333,6,2,3,2,7,5,2,1,1,6,1,1,4,2,3,1,7,6,2,1,1,4,1,5,4.2,2.2,1.2,4.142857143,1,1,4.6,1.7,2.9,56,0.86,10,29.32,0.3
324,1,12,7,4,1,51,2.75,4,1.6,1,5.6,4.833333333,6,4,1,1,6,5,1,1,1,7,1,1,5,4,2,1,7,7,2,1,1,1,1,5,5.4,1.4,1,3.571428571,1,1,5.2,1.2,4,42,0.74,20,29.54,0
324,1,13,2.5,0,4,NA,2.75,4,1,1,5.2,4.4,6,2,1,4,7,3,1,1,1,6,1,2,4,3,5,1,6,7,3,1,1,2,1,4.8,4.2,2.2,1.8,3.571428571,1,1,4.5,2,2.5,50,0.69,8,29.88,0
324,1,14,3,0,2,NA,3,5,1,1,4.6,4.333333333,5,4,3,1,7,4,2,1,1,6,1,2,3,2,5,1,6,6,2,1,1,3,1,4.4,4.4,2.6,1.2,3.142857143,1,1,4.4,1.9,2.5,48,0.66,8,29.46,0.05
324,1,15,4,4,0,NA,1.75,3,1,1,2.2,5.333333333,3,1,6,1,5,3,1,1,1,3,1,2,4,2,6,1,5,4,5,1,1,2,1,3.6,2.6,3.8,1.2,2.428571429,1,1,3.1,2.5,0.6,34,0.66,14,29.38,0
324,1,16,4,4,0,NA,1.75,4,1,1,2.6,4.4,2,4,3,2,5,3,1,1,1,5,1,2,4,3,6,1,4,5,3,1,1,4,1,3.2,4,2.8,1.4,2.714285714,1,0,3.6,2.1,1.5,39,0.54,10,29.59,0
324,1,17,7,3,4,NA,3,4,1,1,6,4.333333333,6,3,2,1,7,4,1,1,1,7,1,1,3,4,3,1,7,6,2,1,1,3,2,4.8,4.8,1.8,1,4.142857143,1,0,4.8,1.4,3.4,44,0.39,3,29.74,0
324,1,18,4,4,3,NA,2.25,4,1,1.2,4.8,5,6,2,1,2,7,4,1,1,1,6,1,2,4,3,2,1,5,5,1,1,2,1,1,4.6,4,1.2,1.4,2.857142857,1,1,4.3,1.3,3,40,0.62,2,29.9,0.04
324,1,19,6,4,4,50,3,4,1,1,6,5.333333333,6,5,1,1,7,5,1,1,1,7,1,2,5,3,1,1,7,6,1,1,1,1,1,5.2,5.2,1,1.2,4.285714286,1,1,5.2,1.1,4.1,46,0.64,10,30.11,0
324,1,20,5,4,3,53,3,4,1,1,5.6,4.833333333,6,4,1,1,7,5,1,1,1,6,1,2,5,3,2,1,6,5,1,1,1,1,1,5,4.6,1.2,1.2,3.285714286,1,1,4.8,1.2,3.6,40,0.35,9,30.2,0
324,1,21,8,4,2,NA,2.75,4,1,1,4.6,4.833333333,4,3,2,3,5,4,1,1,1,5,1,2,4,3,4,1,3,5,2,1,1,2,1,3.4,4,2,1.6,3.285714286,1,1,3.7,1.8,1.9,39,0.38,3,30.19,0
328,1,0,5,1,3,3,2.75,3,1,1.4,4.8,4.833333333,6,3,5,3,6,4,3,2,5,5,2,1,2,4,4,1,5,4,2,5,1,5,1,4.8,4,3.2,2.4,4.285714286,1,0,4.4,2.8,1.6,35,0.36,10,30.35,0
328,1,1,6,2,4,9,1.75,2,1.8,3,2.6,3,4,4,5,2,6,2,1,6,5,4,5,2,2,2,5,6,6,4,5,5,1,3,4,4.6,3.2,4.2,4.2,1.857142857,1,0,3.9,4.2,-0.3,32,0.35,8,30.43,0
328,1,2,7,3,3,9,1.5,3,2.2,3.4,1.6,3.5,2,4,6,6,3,2,7,6,3,1,7,1,2,2,7,6,2,1,7,6,4,1,3,2.4,2,6.8,5,1.142857143,1,0,2.2,5.9,-3.7,42,0.24,3,30.35,0
328,1,3,8,3,0,9,2.5,4,1,1.4,4.2,4,5,2,6,6,3,2,1,6,1,1,6,1,1,1,4,3,1,1,2,4,1,1,5,2.2,1.4,3.8,4,1.857142857,1,1,1.8,3.9,-2.1,39,0.8,8,30.07,0.29
328,1,4,7,4,4,0,3.25,4,1,1,4.6,6,5,2,2,1,5,6,1,1,4,4,1,1,4,2,1,1,7,6,1,1,1,1,1,5,4,1.2,1,3,1,0,4.5,1.1,3.4,44,0.79,6,29.93,0
328,1,5,8,4,1,0,2.5,4,1,1,4.6,5.333333333,7,3,1,1,7,6,1,1,1,5,1,1,3,3,2,1,6,7,1,1,1,2,1,4.8,4.8,1.2,1,3.285714286,1,1,4.8,1.1,3.7,47,0.86,3,29.95,0.04
328,1,6,9,4,0,9,2.5,4,1.2,1.4,4.8,4.5,4,5,3,5,4,4,1,1,1,6,1,2,1,4,2,1,3,5,1,2,1,3,2,2.6,4.8,1.6,2.2,2,1,1,3.7,1.9,1.8,48,0.9,10,29.54,0.12
328,1,7,7,3,1,3,4,5,1,1,5.8,5,7,3,1,1,7,5,1,1,4,6,1,1,5,4,1,1,4,6,1,1,1,2,1,5.4,4.8,1,1,4.428571429,1,1,5.1,1,4.1,36,0.74,18,29.71,0
328,1,8,8,4,4,0,4,4,1,1,6.2,5.166666667,7,5,1,1,7,6,1,1,5,7,1,1,5,5,1,1,5,7,1,1,1,4,1,5.8,6,1,1,4.428571429,1,0,5.9,1,4.9,45,0.57,2,30.09,0
328,1,9,6,3,0,9,4,4,1,1,5.4,5.5,6,3,1,1,6,6,1,1,3,5,1,1,6,4,1,1,5,6,1,1,1,6,1,5.2,4.8,1,1,4.142857143,1,1,5,1,4,45,0.72,9,29.99,0.12
328,1,10,8,4,4,9,4,5,1,1.6,6.6,5.166666667,7,5,1,1,7,6,1,1,5,7,1,1,3,5,1,1,7,7,1,1,1,2,1,5.8,6,1,1,4.285714286,1.142857143,1,5.9,1,4.9,53,0.76,5,30,0
328,1,11,9,1,0,9,2,3,1,1,3.4,3.333333333,2,2,2,7,2,2,1,1,1,1,1,1,1,6,3,1,1,2,3,4,1,1,1,1.4,2.6,2,2.8,1.285714286,1,0,2,2.4,-0.4,56,0.86,10,29.32,0.3
328,1,12,10,4,2,9,2.75,3,1.8,1.6,2.4,4.5,1,4,1,6,2,2,1,5,1,1,3,5,1,3,1,5,1,1,1,1,1,1,1,1.2,2.2,1.4,4.4,1,1,1,1.7,2.9,-1.2,42,0.74,20,29.54,0
328,1,13,11,4,4,9,4,4,1,1,6.4,5.166666667,7,5,1,1,7,7,1,1,3,7,1,1,1,6,1,1,7,7,1,1,1,1,1,5,6.4,1,1,2.5,1,1,5.7,1,4.7,50,0.69,8,29.88,0
328,1,14,7,1,2,3,3.25,4,1,1,4.2,5.333333333,5,7,1,1,6,5,1,1,4,6,1,1,4,6,1,1,4,6,1,1,1,1,1,4.6,6,1,1,3.285714286,1,0,5.3,1,4.3,48,0.66,8,29.46,0.05
330,1,0,4,0,1,11,3,4,1.2,2.2,4.2,5.666666667,4,3,3,7,5,4,5,2,2,4,2,5,3,2,4,1,5,5,3,1,1,3,1,3.8,3.6,3.4,3.2,2.714285714,1.142857143,1,3.7,3.3,0.4,35,0.36,10,30.35,0
330,1,1,7.5,3,2,22,3,3,1,1.2,5.2,5.5,4,4,2,3,5,4,1,1,3,4,1,3,4,4,2,1,4,4,1,1,1,3,1,4,4,1.4,1.8,3.714285714,1,1,4,1.6,2.4,32,0.35,8,30.43,0
330,1,2,7,1,3,18,3,3,1,1,4.2,5.833333333,3,4,1,2,4,3,2,1,2,3,1,2,5,4,2,1,3,3,1,1,1,3,1,3.4,3.4,1.4,1.4,3.428571429,1,0,3.4,1.4,2,42,0.24,3,30.35,0
330,1,3,6.5,2,0,27,3.25,4,1,1,3.8,5.833333333,3,4,1,1,3,4,1,1,3,4,1,1,4,2,1,1,5,3,2,1,1,3,1,3.6,3.4,1.2,1,3.714285714,1,0,3.5,1.1,2.4,39,0.8,8,30.07,0.29
330,1,4,5,2,4,6,3,3,1,1.4,3,5.833333333,2,3,3,2,4,3,2,1,2,3,1,2,4,3,1,1,3,2,1,2,2,1,1,3,2.8,1.6,1.6,2.714285714,1,1,2.9,1.6,1.3,44,0.79,6,29.93,0
330,1,5,8,2,4,14,3.25,4,1.4,2.6,3,4.833333333,4,3,2,1,3,2,5,1,2,3,1,1,4,2,1,1,4,2,1,2,2,1,1,3.4,2.4,2,1.2,2.857142857,1,1,2.9,1.6,1.3,47,0.86,3,29.95,0.04
330,1,6,6,2,4,13,2.75,4,1.2,1.8,2.6,6,2,1,3,4,5,2,3,2,4,4,1,3,4,2,3,1,2,3,3,2,2,3,1,3.4,2.4,2.6,2.4,3.285714286,1,1,2.9,2.5,0.4,48,0.9,10,29.54,0.12
330,1,7,4,0,1,16,2.5,3,1,1.4,2.4,4.833333333,1,2,3,3,2,3,4,1,2,3,1,1,4,2,6,1,2,3,2,1,1,2,1,2.2,2.6,3.2,1.4,1.857142857,1,0,2.4,2.3,0.1,36,0.74,18,29.71,0
330,1,8,5,2,3,26,2.25,3,1,1.4,2,4.833333333,2,3,6,6,3,4,2,1,3,2,1,1,4,3,5,1,2,3,2,1,1,3,1,2.8,3,3.2,2,2.285714286,1,0,2.9,2.6,0.3,45,0.57,2,30.09,0
330,1,9,5,1,2,21,2,3,1.2,1.4,2.8,3.333333333,3,2,5,2,3,2,1,1,3,2,1,3,5,2,7,1,2,3,3,1,1,2,1,3.2,2.2,3.4,1.6,3.285714286,1,0,2.7,2.5,0.2,45,0.72,9,29.99,0.12
330,1,10,6,2,2,25,3,3,1,1,4.6,5.833333333,3,2,1,1,4,3,1,1,5,4,1,1,5,3,1,1,4,3,1,1,1,4,2,4.2,3,1,1,3.428571429,1,0,3.6,1,2.6,53,0.76,5,30,0
330,1,11,6,2,3,22,3.25,3,1,1,5,6.5,4,3,1,1,5,4,2,1,3,5,1,1,4,3,1,1,4,2,1,1,1,3,1,4,3.4,1.2,1,3.142857143,1,1,3.7,1.1,2.6,56,0.86,10,29.32,0.3
330,1,12,7,2,3,18,3.25,3,1,1.2,4.6,5.333333333,3,2,1,1,4,2,1,1,3,4,1,1,5,2,1,1,3,4,2,1,2,1,1,3.6,2.8,1.2,1,3.285714286,1,1,3.2,1.1,2.1,42,0.74,20,29.54,0
330,1,13,8,2,4,19,3,3,1.4,1.2,3.8,5.333333333,2,4,2,3,2,4,2,1,3,4,1,3,5,4,2,1,3,2,2,1,1,3,1,3,3.6,1.8,1.8,3.142857143,1,1,3.3,1.8,1.5,50,0.69,8,29.88,0
330,1,14,4,1,1,36,3.25,4,1,1,3.6,5.166666667,2,4,1,1,2,4,2,1,2,5,1,4,6,3,5,1,2,4,1,3,1,2,1,2.8,4,2,2,2.571428571,1,1,3.4,2,1.4,48,0.66,8,29.46,0.05
330,1,15,5,0,0,19,2.5,5,1.2,1.8,3.8,6.333333333,1,2,5,6,3,2,4,1,2,5,1,3,4,2,6,1,2,3,4,2,2,3,1,2.4,2.8,4,2.6,3.285714286,1,0,2.6,3.3,-0.7,34,0.66,14,29.38,0
330,1,16,6,2,2,30,2.75,4,1,1,4.8,5.5,5,2,1,2,5,3,1,1,3,5,1,1,5,2,1,1,4,2,1,1,1,3,1,4.4,2.8,1,1.2,3.285714286,1,1,3.6,1.1,2.5,39,0.54,10,29.59,0
330,1,17,7,3,1,26,2.5,4,1,1.6,3.8,4.5,3,2,3,1,4,2,3,1,3,5,1,1,5,1,1,1,6,2,1,1,2,2,1,4.2,2.4,1.8,1,3.428571429,1,0,3.3,1.4,1.9,44,0.39,3,29.74,0
330,1,18,5,0,2,22,3.25,3,1.2,1.8,3.4,5.333333333,4,2,3,1,2,3,1,1,3,2,1,4,3,2,1,1,3,2,2,1,1,3,1,3,2.2,1.6,1.6,3.428571429,1,1,2.6,1.6,1,40,0.62,2,29.9,0.04
330,1,19,6,2,1,30,3.25,4,1,1,4.8,5.5,5,2,1,1,4,2,1,1,5,3,1,1,6,4,1,1,4,2,1,1,1,3,1,4.8,2.6,1,1,3.571428571,1,1,3.7,1,2.7,46,0.64,10,30.11,0
330,1,20,8,2,2,13,3.25,4,1,1,4.2,5.166666667,5,2,2,3,4,2,1,1,3,5,1,1,5,2,1,1,4,3,1,1,1,2,1,4.2,2.8,1.2,1.4,3.428571429,1,1,3.5,1.3,2.2,40,0.35,9,30.2,0
340,1,0,7.5,4,3,26,2.25,3,1.6,1,3.6,5.5,3,4,2,5,4,4,4,5,4,4,5,4,3,4,5,5,4,4,3,2,2,2,1,3.6,4,3.8,4.2,3,1,1,3.8,4,-0.2,35,0.36,10,30.35,0
340,1,1,9,4,3,17,2.75,4,1.4,2.6,5.2,5,7,4,4,3,7,6,2,2,6,6,2,2,4,4,2,2,6,6,2,2,1,5,2,6,5.2,2.4,2.2,3.571428571,1,0,5.6,2.3,3.3,32,0.35,8,30.43,0
340,1,2,8,4,3,15,3.75,3,1.2,1.2,5,5.5,5,6,2,5,6,6,2,3,5,4,3,2,4,6,2,2,5,6,2,4,1,4,3,5,5.6,2.2,3.2,3.571428571,1,1,5.3,2.7,2.6,42,0.24,3,30.35,0
340,1,3,9.5,4,0,20,3.25,3,1,1,5,5.666666667,5,5,2,4,6,6,1,1,5,6,2,4,4,6,2,2,6,6,1,2,2,4,1,5.2,5.8,1.6,2.6,3.571428571,1.285714286,1,5.5,2.1,3.4,39,0.8,8,30.07,0.29
340,1,4,9,4,4,33,3.75,4,1,1,6.2,5.333333333,6,6,2,1,6,6,1,1,5,6,1,1,6,5,1,1,6,6,1,1,1,6,1,5.8,5.8,1.2,1,4.428571429,1,0,5.8,1.1,4.7,44,0.79,6,29.93,0
340,1,5,7.5,4,3,11,3.25,4,1,1,5.2,6,6,6,4,1,5,6,1,1,4,5,2,3,5,6,2,1,6,6,1,1,1,6,2,5.2,5.8,2,1.4,3.714285714,1,1,5.5,1.7,3.8,47,0.86,3,29.95,0.04
340,1,6,8,4,2,27,2.25,3,1.8,1,4,4.5,5,5,3,4,5,5,2,5,5,4,5,4,5,3,3,5,5,6,3,2,2,4,1,5,4.6,3.2,4,3,1,1,4.8,3.6,1.2,48,0.9,10,29.54,0.12
340,1,7,8,4,2,15,2.75,4,1.4,1,4,4.166666667,5,6,1,4,4,6,2,3,3,5,3,5,3,6,1,3,5,6,2,2,1,3,3,4,5.8,1.8,3.4,3,1,1,4.9,2.6,2.3,36,0.74,18,29.71,0
340,1,8,8,4,4,14,3.25,4,1.2,1.2,5.8,5.5,6,5,1,2,6,6,1,2,5,5,1,3,6,6,2,1,6,6,1,2,1,3,3,5.8,5.6,1.2,2,3.428571429,1.142857143,1,5.7,1.6,4.1,45,0.57,2,30.09,0
340,1,9,8,4,1,26,2.75,3,1,1,4.8,5.833333333,6,6,2,1,6,6,3,1,6,5,2,4,4,5,2,1,6,6,1,1,1,5,1,5.6,5.6,2,1.6,3.142857143,1,1,5.6,1.8,3.8,45,0.72,9,29.99,0.12
340,1,10,8,2,4,21,2.5,3,1.6,1,5.6,5.5,5,4,2,1,6,6,3,1,4,5,1,1,4,6,3,1,5,5,3,1,1,4,2,4.8,5.2,2.4,1,3.428571429,1,0,5,1.7,3.3,53,0.76,5,30,0
340,1,11,10,4,1,14,2.5,3,1,1,5,5.5,5,5,2,3,6,5,1,1,4,5,1,3,5,5,3,2,5,5,2,2,1,4,1,5,5,1.8,2.2,3.571428571,1,1,5,2,3,56,0.86,10,29.32,0.3
340,1,12,8,2,1,20,2.5,3,1,1.2,3.8,4.4,4,6,3,4,6,6,1,2,4,4,2,4,2,5,3,3,4,5,3,1,1,4,2,4,5.2,2.4,2.8,2.857142857,1,0,4.6,2.6,2,42,0.74,20,29.54,0
340,1,13,7.5,4,4,26,2.75,3,1,1.4,6.4,6,5,4,5,2,6,6,4,1,5,6,2,2,5,5,4,1,6,6,3,2,2,5,3,5.4,5.4,3.6,1.6,3.714285714,1,0,5.4,2.6,2.8,50,0.69,8,29.88,0
340,1,14,9,2,1,26,2,3,1.8,1,4.6,3.666666667,5,4,5,1,5,5,1,2,5,5,3,2,4,3,6,2,5,5,5,2,1,3,1,4.8,4.4,4,1.8,3,1,0,4.6,2.9,1.7,48,0.66,8,29.46,0.05
340,1,15,9,3,0,26,2.25,3,1.4,1.4,3.8,4,4,4,6,2,6,5,1,1,5,4,2,1,4,3,6,1,4,6,5,2,1,6,2,4.6,4.4,4,1.4,3.142857143,1,0,4.5,2.7,1.8,34,0.66,14,29.38,0
340,1,16,8,4,2,18,2.75,4,1,1,5.6,5.333333333,6,5,1,2,6,5,1,1,4,6,1,1,4,6,1,1,6,6,1,1,1,4,2,5.2,5.6,1,1.2,3.571428571,1,1,5.4,1.1,4.3,39,0.54,10,29.59,0
340,1,17,8,3,4,17,3.25,3,1,1,5.8,6.5,6,5,1,1,6,5,1,1,4,4,1,1,5,4,1,1,6,6,1,1,1,4,1,5.4,4.8,1,1,3,1,1,5.1,1,4.1,44,0.39,3,29.74,0
340,1,18,7,4,1,12,3,3,1,1,4.8,5.833333333,5,5,1,1,5,4,1,1,4,5,1,4,1,6,1,2,5,5,1,3,1,4,1,4,5,1,2.2,2.857142857,1,1,4.5,1.6,2.9,40,0.62,2,29.9,0.04
340,1,19,9,3,3,17,3.25,4,1,1,5.8,5.833333333,6,6,1,1,5,5,1,1,4,5,1,1,4,6,1,1,5,7,1,1,1,3,1,4.8,5.8,1,1,3.142857143,1.142857143,1,5.3,1,4.3,46,0.64,10,30.11,0
340,1,20,9,4,3,12,3,3,1,1,5.4,5.666666667,4,6,1,1,5,5,1,4,5,5,2,1,4,6,3,1,5,5,2,1,1,4,1,4.6,5.4,1.8,1.6,2.857142857,1,1,5,1.7,3.3,40,0.35,9,30.2,0
340,1,21,9,3,3,18,3.5,4,1.4,1.2,6,5,6,6,5,1,6,6,3,1,5,5,1,1,4,5,1,1,5,5,2,2,1,5,1,5.2,5.4,2.4,1.2,3.142857143,1,1,5.3,1.8,3.5,39,0.38,3,30.19,0
341,1,0,7.5,1,2,30,3.25,3,1.6,2.4,5.4,5.166666667,5,5,3,2,6,5,4,2,4,6,1,5,6,4,NA,1,6,7,2,2,1,5,2,5.4,5.4,2.5,2.4,3.285714286,1.428571429,1,5.4,2.45,2.95,35,0.36,10,30.35,0
341,1,1,7,3,2,21,3.25,3,2,1.4,5.2,5.333333333,5,3,5,2,6,4,2,2,4,5,1,6,5,5,3,2,6,6,2,4,2,4,2,5.2,4.6,2.6,3.2,3.142857143,1.428571429,0,4.9,2.9,2,32,0.35,8,30.43,0
341,1,2,11.5,3,3,27,2,3,1.8,1.2,2.8,3.333333333,3,5,4,6,4,3,2,3,2,3,2,5,4,5,3,2,4,3,4,3,1,5,3,3.4,3.8,3,3.8,2.142857143,1.142857143,1,3.6,3.4,0.2,42,0.24,3,30.35,0
341,1,3,8.5,2,0,27,2,3,2.4,1.6,2.4,3.5,4,3,5,5,4,4,5,2,3,3,4,5,5,4,5,2,4,3,3,4,2,5,5,4,3.4,4.4,3.6,2.571428571,1,NA,3.7,4,-0.3,39,0.8,8,30.07,0.29
341,1,4,8,3,4,35,3,3,1.4,1.2,5.4,4.666666667,4,5,2,2,6,4,2,2,4,5,2,3,4,5,2,1,6,6,2,2,1,4,2,4.8,5,2,2,3.428571429,1.285714286,1,4.9,2,2.9,44,0.79,6,29.93,0
341,1,5,9,2,2,18,3,3,1.2,1.6,3.6,4.333333333,3,5,4,5,4,5,2,3,4,4,3,5,3,6,3,1,5,5,3,4,1,5,4,3.8,5,3,3.6,2.857142857,1.333333333,1,4.4,3.3,1.1,47,0.86,3,29.95,0.04
341,1,6,8.5,4,1,23,2.75,3,1,1.6,3.8,4.666666667,3,6,2,4,5,5,1,1,3,5,2,5,5,6,2,1,3,5,2,2,1,4,2,3.8,5.4,1.8,2.6,3.571428571,1.428571429,1,4.6,2.2,2.4,48,0.9,10,29.54,0.12
341,1,7,7,2,0,26,2,4,1,1.4,3.4,4,3,5,5,5,5,5,2,2,4,4,3,4,5,5,3,1,5,5,2,3,1,3,2,4.4,4.8,3,3,2.857142857,1.285714286,1,4.6,3,1.6,36,0.74,18,29.71,0
341,1,8,8.5,1,4,26,2.25,3,1,1.2,4.2,4.5,3,5,5,3,5,5,2,2,5,6,2,4,5,5,3,1,5,5,1,3,2,4,2,4.6,5.2,2.6,2.6,3.285714286,1.285714286,0,4.9,2.6,2.3,45,0.57,2,30.09,0
341,1,9,7,3,1,24,2,3,1.2,1.8,4,4.666666667,5,3,4,3,4,4,2,1,3,5,2,4,5,5,5,1,4,4,4,2,1,3,2,4.2,4.2,3.4,2.2,3.285714286,1.142857143,1,4.2,2.8,1.4,45,0.72,9,29.99,0.12
341,1,10,8,3,4,21,1.5,3,1.4,1.6,3.2,3.5,3,3,5,2,3,5,1,3,4,3,5,2,3,3,6,2,3,3,5,5,1,4,4,3.2,3.4,4.4,2.8,2.142857143,1,0,3.3,3.6,-0.3,53,0.76,5,30,0
341,1,11,8,2,2,30,3,3,1,1.2,4.6,4.666666667,5,5,2,2,6,5,2,1,4,5,2,2,5,5,2,2,6,6,2,3,1,4,1,5.2,5.2,2,2,3.571428571,1.142857143,1,5.2,2,3.2,56,0.86,10,29.32,0.3
341,1,12,6,1,2,21,1.5,2,1.2,2,3.8,3.5,5,4,4,4,3,5,2,2,3,4,3,1,5,2,6,1,4,4,5,3,1,5,5,4,3.8,4,2.2,3,1.285714286,1,3.9,3.1,0.8,42,0.74,20,29.54,0
341,1,13,10,3,3,6,1.5,2,1.2,1,2,3.5,2,3,5,5,2,2,1,3,3,3,5,2,4,1,7,3,2,3,4,4,1,2,4,2.6,2.4,4.4,3.4,2.714285714,1.142857143,1,2.5,3.9,-1.4,50,0.69,8,29.88,0
341,1,14,7,NA,NA,21,1.75,3,1,1.2,3.2,4.166666667,4,3,4,2,3,5,1,2,4,4,3,2,4,2,6,1,3,4,4,2,1,3,2,3.6,3.6,3.6,1.8,3.142857143,1.285714286,1,3.6,2.7,0.9,48,0.66,8,29.46,0.05
341,1,15,7.5,1,1,12,1,2,1.8,1,1.6,3,2,3,6,4,2,2,3,5,3,2,5,1,3,2,7,4,2,3,5,6,2,2,5,2.4,2.4,5.2,4,2.142857143,1,0,2.4,4.6,-2.2,34,0.66,14,29.38,0
341,1,16,8.5,2,2,21,2.5,3,1,1,3.8,4.833333333,4,3,5,3,4,3,1,1,3,5,1,3,4,3,5,1,4,5,4,2,1,4,1,3.8,3.8,3.2,2,3.428571429,1.142857143,0,3.8,2.6,1.2,39,0.54,10,29.59,0
341,1,17,7,2,4,24,2.75,4,1,1.4,4.8,4.833333333,4,2,2,3,5,4,2,1,4,5,2,4,5,5,3,1,6,5,3,1,1,5,2,4.8,4.2,2.4,2,3.285714286,1.428571429,0,4.5,2.2,2.3,44,0.39,3,29.74,0
341,1,18,4.5,3,2,24,2.75,4,1.4,2,4,4,5,5,3,3,6,4,2,2,4,6,1,2,5,5,2,1,6,6,3,2,1,4,2,5.2,5.2,2.2,2,2.857142857,1.285714286,1,5.2,2.1,3.1,40,0.62,2,29.9,0.04
341,1,19,8.5,3,2,15,2.25,4,1,1,3.8,3.833333333,5,4,2,3,4,4,1,4,3,4,4,5,4,5,2,3,4,4,2,5,1,3,3,4,4.2,2.2,4,2.857142857,1.571428571,1,4.1,3.1,1,46,0.64,10,30.11,0
341,1,20,9,2,3,18,2,3,1,1.2,3,3.833333333,3,3,4,4,3,5,1,2,3,3,2,6,4,5,3,2,3,4,1,2,1,3,2,3.2,4,2.2,3.2,2.857142857,1.285714286,1,3.6,2.7,0.9,40,0.35,9,30.2,0
341,1,21,9.5,3,2,9,1.75,4,1,1,2.6,3.666666667,3,2,4,4,3,3,1,2,4,3,4,3,2,2,7,3,2,3,5,4,1,2,2,2.8,2.6,4.2,3.2,2.285714286,1.285714286,1,2.7,3.7,-1,39,0.38,3,30.19,0
344,1,0,7,4,3,15,3.25,3,1,1.4,4.2,5.166666667,5,6,5,3,6,5,1,1,5,6,1,4,3,4,5,1,4,6,3,2,1,1,1,4.6,5.4,3,2.2,2.857142857,1.428571429,1,5,2.6,2.4,35,0.36,10,30.35,0
344,1,1,7,4,3,15,2.25,3,1.2,1.4,4.2,5.666666667,4,5,5,3,5,4,2,2,4,5,2,3,3,4,6,2,4,5,3,2,2,3,2,4,4.6,3.6,2.4,2.714285714,1.142857143,1,4.3,3,1.3,32,0.35,8,30.43,0
344,1,2,8,4,2,8,2,3,1.4,1.4,2.6,4.333333333,3,3,6,4,4,3,1,2,3,3,2,2,1,3,6,1,3,4,4,2,1,2,2,2.8,3.2,3.8,2.2,2.285714286,1,1,3,3,0,42,0.24,3,30.35,0
344,1,3,7,3,0,8,1.75,3,1.6,1.2,2.2,4,2,3,5,2,4,3,1,2,3,3,2,2,2,3,6,2,3,4,5,5,2,4,2,2.8,3.2,3.8,2.6,2.571428571,1,0,3,3.2,-0.2,39,0.8,8,30.07,0.29
344,1,4,6,2,4,11,1.75,3,2,2.4,2,3.833333333,3,4,2,4,3,3,3,4,3,4,3,4,3,3,4,2,3,4,4,6,3,2,4,3,3.6,3.2,4,2,1,0,3.3,3.6,-0.3,44,0.79,6,29.93,0
344,1,5,4,1,2,11,2.25,3,1.2,1.6,4.2,4.5,5,4,4,4,5,4,2,2,4,5,3,3,2,4,4,1,5,4,2,4,1,1,2,4.2,4.2,3,2.8,2.285714286,1.142857143,1,4.2,2.9,1.3,47,0.86,3,29.95,0.04
344,1,6,5,4,2,6,2.25,2,1.2,1.2,2.2,5,3,4,2,5,3,3,1,2,4,4,2,2,2,3,5,1,3,4,2,5,2,3,2,3,3.6,2.4,3,2.285714286,1.142857143,1,3.3,2.7,0.6,48,0.9,10,29.54,0.12
344,1,7,7,4,2,15,2.75,3,1,1.6,4,4.833333333,3,4,2,3,5,4,1,1,5,5,1,2,3,4,4,1,5,5,2,3,1,2,1,4.2,4.4,2,2,2.857142857,1.142857143,1,4.3,2,2.3,36,0.74,18,29.71,0
344,1,8,8,3,3,6,2.25,3,1,1.4,3.8,4.666666667,4,4,2,4,5,4,1,2,5,5,1,3,2,4,5,1,3,4,3,2,2,2,1,3.8,4.2,2.4,2.4,2.714285714,1,0,4,2.4,1.6,45,0.57,2,30.09,0
344,1,9,8,4,1,12,2.75,3,1,1.2,3.4,5,4,3,4,2,3,3,1,2,4,4,2,2,2,3,5,1,5,4,2,2,2,2,1,3.6,3.4,2.8,1.8,2.714285714,1,1,3.5,2.3,1.2,45,0.72,9,29.99,0.12
344,1,10,8,3,4,15,2.5,3,1,1.4,4.6,5,5,5,2,2,6,4,1,1,4,5,1,3,3,4,5,1,6,5,2,3,1,3,2,4.8,4.6,2.2,2,2.857142857,1.142857143,1,4.7,2.1,2.6,53,0.76,5,30,0
344,1,11,7,3,1,8,2.75,3,1,1,4.4,5.333333333,5,5,1,3,5,5,1,1,2,5,1,3,3,5,4,1,5,5,2,2,1,2,1,4,5,1.8,2,3,1,1,4.5,1.9,2.6,56,0.86,10,29.32,0.3
344,1,12,6,3,3,6,3,4,1,1,5,6,5,5,1,1,5,5,1,2,4,5,1,1,3,4,5,1,5,5,2,3,1,1,1,4.4,4.8,2,1.6,3.285714286,1,1,4.6,1.8,2.8,42,0.74,20,29.54,0
344,1,13,9,3,3,11,2.5,3,1.2,1.8,4,4.666666667,4,4,1,1,5,3,1,1,3,5,1,3,2,4,6,2,4,5,3,1,1,2,1,3.6,4.2,2.4,1.6,2.714285714,1,1,3.9,2,1.9,50,0.69,8,29.88,0
344,1,14,6,3,3,8,1.75,3,1,1.4,2.4,5,2,2,NA,2,5,2,1,1,1,3,1,1,2,3,6,1,3,4,2,2,2,2,2,2.6,2.8,2.5,1.4,2.428571429,1,1,2.7,1.95,0.75,48,0.66,8,29.46,0.05
344,1,15,6,3,2,13,0.75,2,2.2,1.2,1.4,3.5,2,2,5,2,3,2,1,2,3,3,5,2,2,2,7,1,1,3,5,4,2,1,6,2.2,2.4,4.6,2.2,2.142857143,1,0,2.3,3.4,-1.1,34,0.66,14,29.38,0
344,1,16,4,4,2,11,1.25,3,1.8,1.4,2.6,3.333333333,3,3,5,3,2,2,1,2,3,3,4,2,2,2,6,1,3,3,4,2,1,1,1,2.6,2.6,4,2,2.142857143,1,0,2.6,3,-0.4,39,0.54,10,29.59,0
344,1,17,7,4,3,13,1.5,2,2,1.4,2.2,3.833333333,2,2,5,3,3,3,1,2,2,2,3,1,3,2,6,1,2,4,5,4,1,3,1,2.4,2.6,4,2.2,2.285714286,1,0,2.5,3.1,-0.6,44,0.39,3,29.74,0
344,1,18,6,3,2,3,2.25,3,1.2,1.4,4.2,4.166666667,5,4,2,3,5,4,1,1,2,4,1,2,3,4,4,1,5,5,2,2,1,1,1,4,4.2,2,1.8,2.714285714,1,1,4.1,1.9,2.2,40,0.62,2,29.9,0.04
344,1,19,8,4,3,18,2.5,4,1,1,4.8,5.833333333,5,5,2,2,5,4,1,1,1,6,2,2,2,5,4,1,5,6,2,3,1,2,1,3.6,5.2,2.2,1.8,2.857142857,1,1,4.4,2,2.4,46,0.64,10,30.11,0
344,1,20,8,2,3,6,2.75,2,1,1,4.4,5.833333333,5,4,4,2,6,4,1,1,2,5,1,3,3,4,5,1,4,5,2,2,2,3,1,4,4.4,2.6,1.8,2.857142857,1,1,4.2,2.2,2,40,0.35,9,30.2,0
344,1,21,8,4,3,14,2.5,3,1,1,4,5.166666667,4,5,3,2,5,4,1,1,3,4,1,2,2,4,5,1,4,4,1,1,1,2,1,3.6,4.2,2.2,1.4,3,1,0,3.9,1.8,2.1,39,0.38,3,30.19,0
402,1,0,7,2,1,21,1,1,3.6,2.8,1.8,3.666666667,1,1,7,4,4,2,7,7,3,2,6,1,1,1,7,5,2,4,7,7,6,2,7,2.2,2,6.8,4.8,1.142857143,1.571428571,0,2.1,5.8,-3.7,39,0.8,8,30.07,0.29
402,1,1,7,3,4,17,2.25,3,1.6,1.2,5,4.333333333,5,4,4,3,5,4,1,4,5,5,3,1,1,3,5,1,5,6,6,3,3,1,1,4.2,4.4,3.8,2.4,1.571428571,1,1,4.3,3.1,1.2,44,0.79,6,29.93,0
402,1,2,7,3,2,20,2,1,2.8,1,3,2.666666667,3,4,4,4,4,3,5,6,4,4,6,1,1,2,5,1,1,4,5,6,1,1,5,2.6,3.4,5,3.6,1.857142857,1,1,3,4.3,-1.3,47,0.86,3,29.95,0.04
402,1,3,7.75,2,1,11,3,1,1.2,1,3,4.333333333,1,5,2,2,4,4,2,1,4,5,2,4,1,4,4,1,1,4,3,1,1,1,1,2.2,4.4,2.6,1.8,2.714285714,1,1,3.3,2.2,1.1,48,0.9,10,29.54,0.12
402,1,4,7.3,1,0,35,2.25,1,1,1,2.8,6.5,4,1,5,1,4,1,1,1,5,5,1,1,1,1,6,1,3,4,5,1,1,2,1,3.4,2.4,3.6,1,3,1,0,2.9,2.3,0.6,36,0.74,18,29.71,0
402,1,5,6.5,3,3,30,2.5,1,1,1,4,3.666666667,1,3,4,1,4,2,1,1,5,4,1,1,1,3,5,1,1,4,5,1,1,1,3,2.4,3.2,3.2,1,2.285714286,1,0,2.8,2.1,0.7,45,0.57,2,30.09,0
402,1,6,7.5,3,1,22,2.25,1,1,1,2,4.5,1,3,5,1,4,1,1,1,3,4,1,1,1,1,5,1,2,4,5,1,1,1,1,2.2,2.6,3.4,1,2.857142857,1,1,2.4,2.2,0.2,45,0.72,9,29.99,0.12
402,1,7,5,2,4,19,3.5,1,1,1,6.2,5.166666667,3,4,5,1,5,4,1,1,4,7,1,1,4,4,4,1,4,5,4,1,1,4,1,4,4.8,3,1,2.857142857,1,0,4.4,2,2.4,53,0.76,5,30,0
402,1,8,7,3,1,13,2.25,1,1,1,3.6,4.666666667,2,5,3,5,4,5,1,1,4,5,1,3,4,5,3,1,1,4,2,1,1,1,1,3,4.8,2,2.2,1.857142857,1,0,3.9,2.1,1.8,56,0.86,10,29.32,0.3
402,1,9,8.5,3,2,6,2,1,1,1,2.4,3.833333333,1,4,4,5,4,1,3,3,4,4,3,1,4,1,5,1,1,4,5,4,1,1,2,2.8,2.8,4,2.8,2.142857143,1,1,2.8,3.4,-0.6,42,0.74,20,29.54,0
402,1,10,7,1,3,14,2.25,1,1,1,3.4,4.5,2,2,4,1,4,2,1,3,5,4,3,1,4,2,5,1,1,4,5,1,1,1,3,3.2,2.8,3.6,1.4,2.285714286,1,1,3,2.5,0.5,50,0.69,8,29.88,0
402,1,11,5.5,2,NA,17,1,1,2,1,2.4,3,1,1,7,1,3,1,1,2,5,2,2,1,1,1,7,1,1,3,7,1,1,3,3,2.2,1.6,4.8,1.2,2.857142857,1,0,1.9,3,-1.1,48,0.66,8,29.46,0.05
402,1,12,3.5,2,0,23,3.5,3,1,1,5.4,6.666666667,3,3,5,2,5,3,1,1,4,6,1,1,6,3,5,NA,2,5,5,1,1,7,1,4,4,3.4,1.25,4.428571429,1,0,4,2.325,1.675,34,0.66,14,29.38,0
402,1,13,6,3,2,13,3.25,2,1,1,4.2,5,2,6,2,3,5,6,1,1,4,6,1,1,4,6,2,1,2,5,2,1,1,6,1,3.4,5.8,1.6,1.4,3,1,1,4.6,1.5,3.1,39,0.54,10,29.59,0
402,1,14,6,3,3,19,3,2,1,1,4.4,4.5,4,3,5,3,5,3,1,1,4,5,1,1,4,3,4,1,4,5,5,1,1,4,1,4.2,3.8,3.2,1.4,3.714285714,1,0,4,2.3,1.7,44,0.39,3,29.74,0
402,1,15,7,3,2,25,3,3,1,1,4.4,6,5,5,3,3,5,5,1,1,4,6,1,4,4,5,3,1,5,5,3,1,1,4,1,4.6,5.2,2.2,2,2.285714286,1,1,4.9,2.1,2.8,40,0.62,2,29.9,0.04
402,1,16,9,4,2,11,2,2,1,1,3.8,4.333333333,4,4,1,4,5,4,1,1,5,5,1,4,1,4,3,1,4,5,1,1,1,1,1,3.8,4.4,1.4,2.2,1.571428571,1,1,4.1,1.8,2.3,46,0.64,10,30.11,0
402,1,17,6,3,3,11,3.25,2,1,1,4.4,6,4,4,2,2,5,4,1,2,5,5,2,1,2,4,2,1,4,5,2,3,1,1,2,4,4.4,1.8,1.8,2,1,1,4.2,1.8,2.4,40,0.35,9,30.2,0
402,1,18,4,2,2,9,3,2,1,1,3.6,4.833333333,5,4,1,2,5,4,5,2,5,5,2,2,2,4,2,1,5,5,2,1,1,1,1,4.4,4.4,2.4,1.6,1.833333333,1,1,4.4,2,2.4,39,0.38,3,30.19,0
402,1,19,7,3,2,22,2.5,2,1.4,1,3.2,3.833333333,3,5,2,2,4,5,1,3,4,4,3,1,2,5,2,1,3,5,2,1,1,2,2,3.2,4.8,2,1.6,2,1,0,4,1.8,2.2,40,0.93,5,30.02,0.08
402,1,20,7.5,4,1,11,1.75,2,1,1,2.6,4,2,4,1,6,4,4,1,1,4,4,1,3,1,4,4,1,2,4,4,1,1,1,1,2.6,4,2.2,2.4,2,1,1,3.3,2.3,1,42,0.95,8,30.07,0.43
402,1,21,6,3,4,34,3.5,3,1,1,5,5,6,4,4,1,6,4,1,1,4,6,1,1,1,4,4,1,6,6,4,1,1,1,1,4.6,4.8,2.8,1,2.142857143,1,0,4.7,1.9,2.8,47,0.7,3,30.32,0
403,1,0,4,1,1,8,2.75,5,1.4,2,4.8,4.833333333,7,7,3,2,7,7,4,2,7,7,4,1,4,3,5,1,7,6,5,2,1,6,1,6.4,6,4.2,1.6,4.285714286,1.571428571,0,6.2,2.9,3.3,39,0.8,8,30.07,0.29
403,1,1,9,3,4,17,2.5,5,1.2,2.2,4.4,4.8,3,6,3,2,5,6,3,1,4,2,2,2,3,5,5,2,7,2,2,2,2,5,1,4.4,4.2,3,1.8,3.571428571,1.428571429,0,4.3,2.4,1.9,44,0.79,6,29.93,0
403,1,2,6,2,4,17,2.5,5,1.2,2,4.2,4.5,5,5,5,2,5,5,5,2,3,5,2,1,5,3,6,1,4,6,2,2,2,5,1,4.4,4.8,4,1.6,3.142857143,1.142857143,1,4.6,2.8,1.8,47,0.86,3,29.95,0.04
403,1,3,7,1,3,17,2.25,5,1,1,4,5.666666667,4,6,1,6,6,6,2,1,2,4,1,3,1,5,2,1,4,3,4,1,1,4,1,3.4,4.8,2,2.4,2.714285714,1,1,4.1,2.2,1.9,48,0.9,10,29.54,0.12
403,1,4,8,3,2,8,2,5,1.2,1.8,4,5.5,4,4,4,2,4,2,1,1,3,4,1,5,1,5,4,1,5,7,1,5,1,6,1,3.4,4.4,2.2,2.8,4,1.857142857,1,3.9,2.5,1.4,36,0.74,18,29.71,0
403,1,5,6,1,4,8,1.5,5,1,1.8,3,4.166666667,4,2,6,4,3,3,3,4,4,4,5,1,1,2,3,2,4,4,7,2,1,4,3,3.2,3,4.8,2.6,3.857142857,1.285714286,0,3.1,3.7,-0.6,45,0.57,2,30.09,0
403,1,6,4,0,0,8,3.25,5,1,1,5.2,5,7,1,7,1,7,1,1,1,7,4,2,1,7,1,7,NA,7,4,6,1,1,5,3,7,2.2,4.6,1,4.428571429,1.571428571,1,4.6,2.8,1.8,45,0.72,9,29.99,0.12
403,1,7,5,2,4,8,2.75,5,1.2,1,4.4,4.666666667,5,1,1,5,5,1,1,3,4,5,2,1,1,4,4,1,2,1,2,5,1,3,2,3.4,2.4,2,3,4,1.571428571,1,2.9,2.5,0.4,53,0.76,5,30,0
403,1,8,5,2,0,8,1.75,5,1.4,2,3.2,3.5,6,1,7,4,5,2,3,1,5,5,2,1,1,2,6,3,5,5,3,3,1,4,6,4.4,3,4.2,2.4,2.285714286,1.714285714,1,3.7,3.3,0.4,56,0.86,10,29.32,0.3
403,1,9,7,2,2,8,1.75,5,1,1,3.2,4,4,2,5,6,4,2,2,2,2,2,4,5,2,2,6,2,2,2,5,5,2,3,1,2.8,2,4.4,4,2.285714286,1,1,2.4,4.2,-1.8,42,0.74,20,29.54,0
403,1,10,6,1,4,17,2,5,1.2,3.2,3.2,3.666666667,2,2,6,6,2,2,4,1,2,4,2,1,1,1,7,3,3,2,2,2,2,5,2,2,2.2,4.2,2.6,3,1.285714286,0,2.1,3.4,-1.3,50,0.69,8,29.88,0
403,1,11,8,3,2,17,2.5,5,1,1,5.4,5.5,6,6,4,1,7,1,4,2,5,4,2,1,1,4,4,2,7,3,2,2,1,5,2,5.2,3.6,3.2,1.6,4.285714286,1.142857143,1,4.4,2.4,2,48,0.66,8,29.46,0.05
403,1,12,5,3,2,8,3,5,1.2,2.6,4,5.166666667,6,6,1,1,7,2,1,1,3,4,2,1,1,6,7,1,6,2,3,2,1,4,1,4.6,4,2.8,1.2,4,1.857142857,0,4.3,2,2.3,34,0.66,14,29.38,0
403,1,13,6,3,2,17,2.75,5,1,1,5.4,4.166666667,5,5,1,1,4,3,1,1,7,6,1,1,1,6,1,1,6,5,1,1,1,6,1,4.6,5,1,1,4.571428571,1,1,4.8,1,3.8,39,0.54,10,29.59,0
403,1,14,6,2,4,8,3,5,1,1,5,5.166666667,5,5,1,1,7,6,1,1,6,5,1,1,4,6,1,1,5,5,1,1,1,3,1,5.4,5.4,1,1,4,1.142857143,1,5.4,1,4.4,44,0.39,3,29.74,0
403,1,15,5,1,2,8,2.75,4,1,1,4.8,4.166666667,5,5,1,1,4,3,1,1,4,4,1,1,5,3,1,1,4,5,3,1,1,1,1,4.4,4,1.4,1,3.571428571,1.285714286,1,4.2,1.2,3,40,0.62,2,29.9,0.04
403,1,16,8,1,3,17,3.5,5,1,1.2,5.4,5.333333333,6,6,1,2,5,4,6,2,4,7,1,1,4,5,1,1,6,4,1,1,1,5,2,5,5.2,2,1.4,3.285714286,1.428571429,1,5.1,1.7,3.4,46,0.64,10,30.11,0
403,1,17,8,2,2,8,2.75,5,1,1.2,5,4,6,2,2,6,4,4,2,2,6,5,1,3,5,1,5,2,7,3,1,1,1,1,4,5.6,3,2.2,2.8,4.285714286,1.285714286,1,4.3,2.5,1.8,40,0.35,9,30.2,0
403,1,18,8,2,2,8,1.25,3,1.6,3.4,3,2.333333333,6,2,4,1,6,4,1,5,2,6,5,2,3,3,2,2,4,4,1,1,1,2,4,4.2,3.8,2.6,2.2,4.285714286,1,1,4,2.4,1.6,39,0.38,3,30.19,0
403,1,19,5,0,0,17,2,4,1.4,1.4,1.6,4,5,1,6,1,4,2,1,1,5,1,5,3,4,2,6,1,3,4,5,1,1,4,1,4.2,2,4.6,1.4,3.714285714,1,0,3.1,3,0.1,40,0.93,5,30.02,0.08
403,1,20,8,2,1,8,2,5,1,1.2,4.6,5.5,5,2,2,2,7,7,2,3,3,5,1,1,2,7,1,3,6,3,1,1,1,5,3,4.6,4.8,1.4,2,3.142857143,1.428571429,1,4.7,1.7,3,42,0.95,8,30.07,0.43
403,1,21,4,0,4,17,2.75,5,1,1,5,4.166666667,5,2,4,2,6,1,1,4,1,4,3,2,5,5,2,2,5,6,1,1,1,3,2,4.4,3.6,2.2,2.2,3.714285714,2.428571429,1,4,2.2,1.8,47,0.7,3,30.32,0
409,1,0,7,2,0,22,1.25,2,1,1.6,2.6,4,3,7,3,2,4,7,1,3,4,3,3,1,1,7,3,1,1,4,2,4,1,4,1,2.6,5.6,2.4,2.2,2.571428571,1,1,4.1,2.3,1.8,39,0.8,8,30.07,0.29
409,1,1,7,1,4,25,1.5,1,1.2,2.2,3.8,3.333333333,3,2,2,1,6,6,1,1,5,5,1,2,1,6,1,1,2,6,3,2,1,4,2,3.4,5,1.6,1.4,2.714285714,1,1,4.2,1.5,2.7,44,0.79,6,29.93,0
409,1,2,7,1,1,13,2.5,2,1,1.8,4.6,2.666666667,4,6,2,1,6,7,2,4,6,5,1,1,1,7,2,1,4,6,2,1,1,3,1,4.2,6.2,1.8,1.6,3,1,1,5.2,1.7,3.5,47,0.86,3,29.95,0.04
409,1,3,8,4,1,13,0.75,2,1.2,1.2,3.8,2.833333333,1,4,6,1,7,4,1,2,3,5,2,1,1,3,7,1,1,3,6,4,1,1,1,2.6,3.8,4.4,1.8,2.142857143,1,1,3.2,3.1,0.1,48,0.9,10,29.54,0.12
409,1,4,3,0,0,8,1,2,1,1,2.8,3.166666667,1,2,6,1,3,4,1,2,3,2,1,1,1,2,7,1,1,2,6,3,1,1,2,1.8,2.4,4.2,1.6,2.285714286,1,0,2.1,2.9,-0.8,36,0.74,18,29.71,0
409,1,5,8,4,4,31,1.5,2,1,1,4.6,2.666666667,1,2,2,1,6,5,1,1,3,2,1,1,1,2,1,1,1,3,4,3,1,2,1,2.4,2.8,1.8,1.4,3.285714286,1,0,2.6,1.6,1,45,0.57,2,30.09,0
409,1,6,5,2,1,31,1.75,3,1,1,4.4,3,3,2,2,1,6,7,1,1,3,5,1,1,3,6,4,1,3,6,3,1,1,1,1,3.6,5.2,2.2,1,3,1,0,4.4,1.6,2.8,45,0.72,9,29.99,0.12
409,1,7,7,3,4,26,1.75,3,1,1,6.6,3.333333333,4,3,2,1,6,3,1,1,3,5,1,1,2,3,7,1,2,5,4,1,1,2,1,3.4,3.8,3,1,3.714285714,1,1,3.6,2,1.6,53,0.76,5,30,0
409,1,8,7,3,1,26,2.25,4,1,1,6,2.166666667,4,6,5,1,7,6,1,1,5,7,1,1,2,4,3,1,4,7,3,1,1,1,1,4.4,6,2.6,1,3.428571429,1,1,5.2,1.8,3.4,56,0.86,10,29.32,0.3
409,1,9,6,0,1,17,1.75,3,1,1,6,4.166666667,1,3,2,1,5,2,1,1,4,3,1,1,5,2,1,1,2,4,1,1,1,1,1,3.4,2.8,1.2,1,2.857142857,1,1,3.1,1.1,2,42,0.74,20,29.54,0
409,1,10,6,2,4,8,2,3,1,1,6.2,3,1,2,6,1,7,6,1,1,5,2,1,1,2,3,7,1,2,5,5,1,1,1,1,3.4,3.6,4,1,3,1,1,3.5,2.5,1,50,0.69,8,29.88,0
409,1,11,6,1,2,8,1.5,3,1,1,5.4,3,1,1,7,1,4,2,1,1,1,3,1,1,2,1,7,2,1,1,5,4,1,4,1,1.8,1.6,4.2,1.8,2.714285714,1,0,1.7,3,-1.3,48,0.66,8,29.46,0.05
409,1,12,7,2,2,9,2.5,4,1,1,4.4,3.5,1,5,3,1,4,6,1,1,4,3,1,1,3,1,7,1,3,1,4,1,1,4,2,3,3.2,3.2,1,1.857142857,1.142857143,1,3.1,2.1,1,34,0.66,14,29.38,0
409,1,13,5,2,3,8,1.75,3,1,1,5,3.833333333,2,2,4,1,6,5,1,1,4,5,1,1,1,3,5,1,2,4,4,1,1,3,1,3,3.8,3,1,2.571428571,1,0,3.4,2,1.4,39,0.54,10,29.59,0
409,1,14,5,2,4,17,1.75,3,1,1,6.2,3.666666667,5,7,1,1,7,6,1,1,5,4,1,1,2,6,5,1,4,7,1,1,1,3,1,4.6,6,1.8,1,3.428571429,1,0,5.3,1.4,3.9,44,0.39,3,29.74,0
409,1,15,10,4,3,8,2,3,1,1,6.6,4.5,4,7,1,1,7,6,1,1,5,6,1,1,2,7,1,1,6,7,1,1,1,1,1,4.8,6.6,1,1,3.285714286,1,1,5.7,1,4.7,40,0.62,2,29.9,0.04
409,1,16,6,4,3,8,1.75,4,1,1,6.8,5.5,4,3,7,1,7,6,1,1,2,5,1,1,2,1,7,1,4,6,1,1,1,4,1,3.8,4.2,3.4,1,3.857142857,1,1,4,2.2,1.8,46,0.64,10,30.11,0
409,1,17,6,3,3,3,1.75,3,1,1,6.6,4.666666667,4,2,6,1,7,6,1,1,4,5,1,1,3,5,7,1,3,6,1,1,1,5,1,4.2,4.8,3.2,1,3.428571429,1,1,4.5,2.1,2.4,40,0.35,9,30.2,0
409,1,18,4,0,3,8,1,2,1,1,5.6,3.333333333,1,1,7,2,3,2,1,6,2,1,4,1,1,1,7,2,1,2,2,1,1,1,1,1.6,1.4,4.2,2.4,1.857142857,1.142857143,0,1.5,3.3,-1.8,39,0.38,3,30.19,0
409,1,19,10,3,1,26,3,4,1,1,6.8,5,3,2,1,2,7,6,1,1,4,3,1,1,2,2,1,1,3,6,1,1,1,1,1,3.8,3.8,1,1.2,3.714285714,1,0,3.8,1.1,2.7,40,0.93,5,30.02,0.08
409,1,20,4,0,1,26,1.75,4,1,1,6.8,4,1,2,1,1,6,5,1,1,4,4,1,1,2,3,4,2,1,4,2,1,1,1,5,2.8,3.6,1.8,1.2,2.857142857,1,0,3.2,1.5,1.7,42,0.95,8,30.07,0.43
409,1,21,8,4,4,26,3.25,3,1,1,7,6.166666667,6,7,1,1,7,6,1,1,6,7,1,1,2,6,2,1,6,7,1,1,1,4,1,5.4,6.6,1.2,1,4,1.142857143,0,6,1.1,4.9,47,0.7,3,30.32,0
418,1,0,10,0,1,6,2.75,2,1,2,2.4,4.5,1,5,3,5,4,5,1,3,3,4,1,5,2,5,4,2,1,5,1,2,1,3,1,2.2,4.8,2,3.4,2.142857143,1,1,3.5,2.7,0.8,39,0.8,8,30.07,0.29
418,1,1,8,2,3,14,3,3,1.2,1.4,5.6,4.5,3,4,1,2,5,4,1,3,4,5,2,2,1,4,3,1,4,5,3,2,1,5,2,3.4,4.4,2,2,3.428571429,1,0,3.9,2,1.9,44,0.79,6,29.93,0
418,1,2,7,1,3,0,2.75,2,1.4,1.2,2.8,3.833333333,3,3,1,2,4,3,1,2,4,4,3,5,1,3,5,1,3,4,5,4,2,3,2,3,3.4,3,2.8,2.285714286,1,1,3.2,2.9,0.3,47,0.86,3,29.95,0.04
418,1,3,5,1,2,5,2.75,3,1.2,1.2,4.2,5.333333333,1,3,1,6,3,4,1,3,2,2,1,3,1,2,6,2,1,4,4,1,1,2,2,1.6,3,2.6,3,3,1,0,2.3,2.8,-0.5,48,0.9,10,29.54,0.12
418,1,4,7,1,2,5,3,3,1,1,4.8,5.166666667,3,3,1,2,5,4,1,2,4,5,1,4,1,3,3,1,2,4,1,2,1,3,1,3,3.8,1.4,2.2,2.428571429,1,0,3.4,1.8,1.6,36,0.74,18,29.71,0
418,1,5,9,2,4,5,2.5,2,1.2,1,5.2,5.166666667,3,4,1,2,3,4,1,2,3,4,1,1,1,3,3,1,1,5,3,1,1,2,1,2.2,4,1.8,1.4,2.571428571,1,0,3.1,1.6,1.5,45,0.57,2,30.09,0
418,1,6,9,2,3,5,2.5,2,2,2,4.2,4,1,2,3,4,2,3,1,3,2,2,3,1,1,2,5,3,1,3,4,2,1,1,2,1.4,2.4,3.2,2.6,1.857142857,1,1,1.9,2.9,-1,45,0.72,9,29.99,0.12
418,1,7,9,3,4,0,2.75,1,1.4,1.4,5.2,4.6,1,2,1,4,1,1,1,2,1,3,3,1,2,1,5,3,1,2,4,2,1,1,1,1.2,1.8,2.8,2.4,1.571428571,1,1,1.5,2.6,-1.1,53,0.76,5,30,0
418,1,8,8,2,2,5,2.5,1,1.8,1.4,3.4,4,1,2,4,1,1,1,1,3,5,2,3,2,1,2,6,4,NA,3,4,5,2,1,2,2,2,3.6,3,1.428571429,1,0,2,3.3,-1.3,56,0.86,10,29.32,0.3
418,1,9,10,2,2,0,3,2,1,1,4.6,5.166666667,3,2,1,3,2,4,1,1,4,4,2,5,1,3,4,3,1,5,3,2,1,3,1,2.2,3.6,2.2,2.8,2.142857143,1,1,2.9,2.5,0.4,42,0.74,20,29.54,0
418,1,10,9,2,4,3,3.5,3,1,1,5.8,5.166666667,4,4,1,2,6,5,1,1,3,5,1,2,1,3,2,1,2,4,2,2,1,2,1,3.2,4.2,1.4,1.6,2.428571429,1,0,3.7,1.5,2.2,50,0.69,8,29.88,0
418,1,11,8,2,2,8,2.25,1,1.8,1,3.8,4.166666667,1,1,4,3,2,1,5,1,3,4,2,3,1,2,6,3,1,2,6,4,2,3,1,1.6,2,4.6,2.8,2.142857143,1,0,1.8,3.7,-1.9,48,0.66,8,29.46,0.05
418,1,12,7,0,1,0,3.75,3,1.2,1,3.6,3.833333333,1,3,1,7,2,2,4,1,2,3,2,4,1,1,3,1,1,4,1,3,1,2,1,1.4,2.6,2.2,3.2,2.428571429,1,0,2,2.7,-0.7,34,0.66,14,29.38,0
418,1,13,7,3,2,5,2.75,2,1.2,1.2,4.2,4.333333333,1,2,5,4,2,1,1,1,2,3,2,3,1,2,4,2,1,4,4,1,1,2,1,1.4,2.4,3.2,2.2,2.285714286,1,1,1.9,2.7,-0.8,39,0.54,10,29.59,0
418,1,14,8,1,3,0,1,1,1.4,1.4,2.8,3.333333333,1,1,6,2,1,1,1,2,3,1,2,1,1,1,7,3,1,2,3,3,2,1,2,1.4,1.2,3.8,2.2,1.142857143,1,0,1.3,3,-1.7,44,0.39,3,29.74,0
418,1,15,6,1,3,5,3,3,1,1,5.4,5.5,4,3,1,1,4,3,2,1,3,5,1,1,1,4,1,1,3,6,1,3,1,2,1,3,4.2,1.2,1.4,2.714285714,1,1,3.6,1.3,2.3,40,0.62,2,29.9,0.04
418,1,16,8,3,4,3,3.25,3,1,1.2,5.6,5.666666667,6,4,1,1,5,3,1,1,3,3,1,2,1,4,1,1,3,5,1,3,1,2,1,3.6,3.8,1,1.6,1.714285714,1,1,3.7,1.3,2.4,46,0.64,10,30.11,0
418,1,17,10,3,3,12,3.25,3,1,1,6.2,5.166666667,3,4,1,2,6,5,1,1,3,7,1,2,1,4,1,1,3,4,1,1,1,3,1,3.2,4.8,1,1.4,2.428571429,1,1,4,1.2,2.8,40,0.35,9,30.2,0
418,1,18,7,1,2,0,2.75,2,1.2,1,4,5.5,2,3,1,2,4,3,1,1,4,3,1,1,1,2,3,1,2,5,1,2,1,3,1,2.6,3.2,1.4,1.4,2,1,0,2.9,1.4,1.5,39,0.38,3,30.19,0
418,1,19,8,3,1,0,3,2,1.2,1.8,4,5.5,1,2,1,2,4,2,1,4,5,2,3,1,1,2,4,3,3,5,4,2,1,2,3,2.8,2.6,2.6,2.4,2.285714286,1,0,2.7,2.5,0.2,40,0.93,5,30.02,0.08
418,1,20,9,2,1,5,3.5,4,1,1,4.6,5.333333333,3,5,1,2,3,4,1,2,4,3,1,5,1,4,2,2,1,6,1,1,1,3,1,2.4,4.4,1.2,2.4,2.285714286,1,1,3.4,1.8,1.6,42,0.95,8,30.07,0.43
418,1,21,7,2,3,0,3,2,2,1,5.4,5.333333333,3,4,1,2,7,3,4,1,5,4,1,1,1,3,1,1,6,5,1,1,1,3,1,4.4,3.8,1.6,1.2,2.666666667,1,0,4.1,1.4,2.7,47,0.7,3,30.32,0
424,1,0,7,4,0,9,3,4,1.2,1.6,5,6.333333333,4,5,5,3,6,5,1,6,6,5,5,1,5,5,4,1,7,7,1,4,3,7,1,5.6,5.4,3.2,3,4.285714286,1.571428571,0,5.5,3.1,2.4,39,0.8,8,30.07,0.29
424,1,1,8,3,3,9,3.75,4,1,1.4,6,6.833333333,6,5,2,2,7,7,1,2,6,7,1,2,5,5,2,1,7,7,1,1,1,7,1,6.2,6.2,1.4,1.6,4,1,1,6.2,1.5,4.7,44,0.79,6,29.93,0
424,1,2,8,1,1,0,2.75,3,1.2,1.8,5.4,5.5,6,6,3,3,7,1,1,1,5,6,2,1,1,4,2,1,5,6,2,2,2,1,3,4.8,4.6,2,1.6,2.714285714,1,1,4.7,1.8,2.9,47,0.86,3,29.95,0.04
424,1,3,8,0,2,9,3.5,3,1.2,2,3.8,5.333333333,3,3,1,5,4,3,1,2,3,4,2,5,3,5,2,1,2,4,2,2,1,1,3,3,3.8,1.6,3,2.714285714,1.142857143,1,3.4,2.3,1.1,48,0.9,10,29.54,0.12
424,1,4,8,2,1,9,3.25,3,1,1,5.2,5.666666667,4,5,1,2,5,5,1,2,3,5,2,1,5,5,1,1,2,5,1,1,1,3,1,3.8,5,1.2,1.4,3.571428571,1,1,4.4,1.3,3.1,36,0.74,18,29.71,0
424,1,5,7,0,3,9,2.75,3,1.2,1.2,3.8,4.833333333,3,2,1,6,5,4,1,1,4,4,1,1,4,4,3,1,1,4,3,2,1,3,3,3.4,3.6,1.8,2.2,3.285714286,1.142857143,1,3.5,2,1.5,45,0.57,2,30.09,0
424,1,6,8,3,2,14,3,3,1.2,1.2,4.4,5.6,5,3,2,2,5,4,3,1,4,5,2,1,3,3,2,1,4,5,2,1,1,3,1,4.2,4,2.2,1.2,3.285714286,1,1,4.1,1.7,2.4,45,0.72,9,29.99,0.12
424,1,7,7,2,4,9,3.25,4,1,1.2,5,4.666666667,5,4,2,1,5,4,1,2,4,5,2,1,6,2,2,1,6,6,1,1,1,3,1,5.2,4.2,1.6,1.2,3.857142857,1.428571429,1,4.7,1.4,3.3,53,0.76,5,30,0
424,1,8,9,3,2,14,3,5,1,1,5.2,5.333333333,6,5,5,2,6,4,1,1,1,5,1,1,4,4,3,1,6,6,3,2,1,2,1,4.6,4.8,2.6,1.4,3.714285714,2.142857143,1,4.7,2,2.7,56,0.86,10,29.32,0.3
424,1,9,8,4,1,0,2.25,3,1.6,1.4,4.8,3.5,5,1,1,7,4,4,5,2,1,5,1,4,4,3,2,1,3,5,4,1,1,1,2,3.4,3.6,2.6,3,3.571428571,1.428571429,1,3.5,2.8,0.7,42,0.74,20,29.54,0
424,1,10,8,2,2,5,2.25,3,1,1.2,4.4,4,4,3,1,1,4,4,4,2,4,5,2,3,4,3,2,1,4,5,4,1,1,3,2,4,4,2.6,1.6,2.428571429,1.142857143,1,4,2.1,1.9,50,0.69,8,29.88,0
424,1,11,7,2,0,9,2,3,1.6,2.4,4.6,4.333333333,4,3,4,3,3,2,1,4,2,4,2,1,5,4,3,2,2,5,4,1,1,4,2,3.2,3.6,2.8,2.2,2.857142857,1.285714286,0,3.4,2.5,0.9,48,0.66,8,29.46,0.05
424,1,12,8,3,0,9,2.5,2,1,1,3.8,3.333333333,3,2,2,3,3,3,1,1,2,4,1,1,4,2,3,1,4,5,3,1,2,1,1,3.2,3.2,2,1.4,2,1,1,3.2,1.7,1.5,34,0.66,14,29.38,0
424,1,13,7,3,2,8,2.25,5,2.4,2.6,4.8,4.5,5,5,7,3,4,2,4,5,3,4,4,5,7,2,5,3,6,5,2,3,2,6,3,5,3.6,4.4,3.8,3.428571429,2,1,4.3,4.1,0.2,39,0.54,10,29.59,0
424,1,14,8,3,3,0,2,3,1.2,1.2,5,5.166666667,6,3,5,3,6,2,1,1,3,5,1,3,4,2,3,1,6,6,3,1,1,4,1,5,3.6,2.6,1.8,2.857142857,1.142857143,0,4.3,2.2,2.1,44,0.39,3,29.74,0
424,1,15,7,2,2,0,2.75,3,1,1,4.8,4.666666667,5,1,1,3,5,6,1,2,3,6,1,3,3,4,2,1,4,5,4,2,1,4,1,4,4.4,1.8,2.2,2.571428571,1,1,4.2,2,2.2,40,0.62,2,29.9,0.04
424,1,16,8,3,2,0,2.25,3,1.2,2.6,4.8,3.666666667,5,3,3,2,4,1,1,2,2,4,1,1,2,1,4,1,4,5,4,1,1,3,1,3.4,2.8,2.6,1.4,2.285714286,1,1,3.1,2,1.1,46,0.64,10,30.11,0
424,1,17,7,4,2,3,3,3,1,1,6,5.333333333,7,2,1,2,6,4,1,1,3,5,1,1,3,3,1,1,6,6,2,1,1,4,1,5,4,1.2,1.2,2.428571429,1,1,4.5,1.2,3.3,40,0.35,9,30.2,0
424,1,18,7,3,3,0,1.5,2,1.2,1.4,2,4.166666667,2,2,4,4,3,3,1,2,3,3,2,2,1,2,4,1,1,3,4,1,2,1,1,2,2.6,3,2,1.857142857,1,1,2.3,2.5,-0.2,39,0.38,3,30.19,0
424,1,19,8,3,2,0,2.25,3,1,1,4.2,4.166666667,3,1,2,2,3,2,1,1,2,3,1,1,3,4,2,1,3,4,4,2,2,1,1,2.8,2.8,2,1.4,2.428571429,1,0,2.8,1.7,1.1,40,0.93,5,30.02,0.08
424,1,20,7,2,4,5,1.25,2,1.8,2.6,2.8,3.166666667,2,2,5,5,4,2,5,5,3,3,5,2,4,3,5,NA,4,4,4,2,2,2,3,3.4,2.8,4.8,3.5,2,1,1,3.1,4.15,-1.05,42,0.95,8,30.07,0.43
424,1,21,8,3,4,9,2.75,3,1,1.2,4.8,4.333333333,4,1,2,1,5,5,2,1,3,5,1,1,3,1,2,1,4,5,3,1,1,4,1,3.8,3.4,2,1,2.714285714,1.142857143,1,3.6,1.5,2.1,47,0.7,3,30.32,0
437,1,0,6.5,3,1,0,2.75,2,1.6,3.4,2,6.666666667,6,2,1,3,4,1,1,1,2,3,2,1,1,2,4,1,5,2,5,1,1,4,4,3.6,2,2.6,1.4,1.714285714,1,0,2.8,2,0.8,39,0.8,8,30.07,0.29
437,1,1,8,4,4,0,2.75,2,1.2,1.6,6,5.333333333,7,3,1,1,7,2,2,4,4,5,3,1,5,3,3,2,7,6,1,1,1,3,2,6,3.8,2,1.8,2,1.142857143,0,4.9,1.9,3,44,0.79,6,29.93,0
437,1,2,7,2,3,0,3.25,2,1,1.4,4.8,6.333333333,7,4,1,1,6,4,1,1,3,6,1,2,1,4,2,1,7,7,1,1,1,3,2,4.8,5,1.2,1.2,2,1,1,4.9,1.2,3.7,47,0.86,3,29.95,0.04
437,1,3,9,2,0,0,2.5,2,1.2,1.2,1.8,6,5,3,3,3,4,3,1,2,1,3,1,2,1,2,2,1,3,2,1,1,1,1,2,2.8,2.6,1.6,1.8,1.571428571,1,1,2.7,1.7,1,48,0.9,10,29.54,0.12
437,1,4,8,3,3,3,1.75,2,1.2,1.6,4.4,5,6,4,1,1,4,4,1,1,3,4,1,5,2,4,1,2,6,6,1,1,1,3,1,4.2,4.4,1,2,1.714285714,1,0,4.3,1.5,2.8,36,0.74,18,29.71,0
437,1,5,7,3,2,17,3.25,5,2,1.4,5.8,5.5,5,3,2,3,6,5,2,2,3,5,2,4,5,3,5,2,4,6,2,2,2,6,3,4.6,4.4,2.6,2.6,4.285714286,1.142857143,1,4.5,2.6,1.9,45,0.57,2,30.09,0
437,1,6,6,3,2,17,2.5,3,1.2,1.4,3.8,5.333333333,6,6,4,5,6,5,2,1,1,4,1,6,2,4,4,1,3,1,1,1,1,4,3,3.6,4,2.4,2.8,1.714285714,1,1,3.8,2.6,1.2,45,0.72,9,29.99,0.12
437,1,7,8,3,2,0,2.25,5,1.2,1.8,4.4,5,2,1,1,2,3,4,1,1,2,3,2,7,1,3,3,1,1,3,1,1,1,3,1,1.8,2.8,1.6,2.4,1.714285714,1,1,2.3,2,0.3,53,0.76,5,30,0
437,1,8,10,4,2,0,2.25,3,1.2,1.6,5,6.166666667,4,3,1,2,3,3,1,1,2,5,1,4,1,2,2,1,2,3,2,1,1,1,2,2.4,3.2,1.4,1.8,1.428571429,1,0,2.8,1.6,1.2,56,0.86,10,29.32,0.3
437,1,9,9,2,2,0,2.25,3,1.2,1.4,3.6,3.833333333,3,2,1,1,3,2,1,1,2,1,1,4,1,1,1,1,1,3,1,1,1,1,2,2,1.8,1,1.6,1.285714286,1,1,1.9,1.3,0.6,42,0.74,20,29.54,0
437,1,10,8,3,2,0,2.75,4,1.8,2.25,3.2,5.166666667,3,3,2,1,2,1,4,4,2,3,1,6,5,3,2,4,1,3,2,3,1,5,4,2.6,2.6,2.2,3.6,2.857142857,2.166666667,1,2.6,2.9,-0.3,50,0.69,8,29.88,0
437,1,11,10,3,2,0,1.5,2,3,2.4,2.8,5.333333333,2,3,3,3,4,2,1,1,1,2,3,6,2,4,1,2,2,5,2,1,3,2,2,2.2,3.2,2,2.6,2.571428571,2.857142857,1,2.7,2.3,0.4,48,0.66,8,29.46,0.05
437,1,12,3,0,1,0,2.25,4,1.4,1.4,2.4,4.666666667,1,1,3,3,2,1,1,1,1,1,1,3,1,1,4,1,1,1,3,1,1,1,1,1.2,1,2.4,1.8,1.285714286,1,0,1.1,2.1,-1,34,0.66,14,29.38,0
437,1,13,6,2,3,0,2.25,NA,2.25,2.2,2.6,4.666666667,2,2,3,4,1,4,5,3,2,3,4,1,1,1,2,3,5,7,2,7,3,4,1,2.2,3.4,3.2,3.6,2.285714286,2.5,1,2.8,3.4,-0.6,39,0.54,10,29.59,0
439,1,0,7,1,0,14,2.5,4,1.6,3,4,4.333333333,3,6,4,7,5,5,3,4,2,5,3,6,4,5,6,3,4,5,2,2,2,3,5,3.6,5.2,3.6,4.4,2.714285714,1.571428571,1,4.4,4,0.4,39,0.8,8,30.07,0.29
439,1,1,5,2,3,5,2,4,1.6,2,4.4,4.333333333,5,5,6,6,6,6,3,3,5,4,2,5,4,6,6,2,7,6,4,3,2,4,5,5.4,5.4,4.2,3.8,3.714285714,1.142857143,1,5.4,4,1.4,44,0.79,6,29.93,0
439,1,2,12,4,3,3,4,5,1,1,4.8,5.666666667,7,5,3,4,6,5,1,1,5,5,2,3,4,5,2,1,7,6,2,1,1,2,4,5.8,5.2,2,2,4.571428571,1.142857143,1,5.5,2,3.5,47,0.86,3,29.95,0.04
439,1,3,8,3,0,3,2.75,3,1,1,5,4.166666667,5,6,2,4,7,6,1,1,5,6,2,3,4,5,3,1,7,6,2,1,1,3,3,5.6,5.8,2,2,3.714285714,1,1,5.7,2,3.7,48,0.9,10,29.54,0.12
439,1,4,5,1,1,8,3,5,1,1,5,4.333333333,4,5,2,3,5,4,1,2,5,4,1,3,3,6,4,2,4,4,2,2,2,2,2,4.2,4.6,2,2.4,3.714285714,1.142857143,0,4.4,2.2,2.2,36,0.74,18,29.71,0
439,1,5,4,0,4,8,3.5,4,1,1,5.2,4.666666667,4,4,3,2,4,5,3,2,4,6,3,4,6,5,2,1,5,4,1,2,1,3,3,4.6,4.8,2.4,2.2,4,1,1,4.7,2.3,2.4,45,0.57,2,30.09,0
439,1,6,8,3,0,8,2.75,3,1.2,1,4.4,4.5,1,4,3,5,4,4,1,1,2,5,2,4,3,4,4,1,1,4,1,1,1,1,1,2.2,4.2,2.2,2.4,3.428571429,1,1,3.2,2.3,0.9,45,0.72,9,29.99,0.12
439,1,7,7,3,4,8,3,4,1,1,5.8,4.5,4,4,3,4,5,2,1,2,4,6,2,4,3,5,4,1,3,2,1,1,1,2,2,3.8,3.8,2.2,2.4,3.857142857,1.428571429,1,3.8,2.3,1.5,53,0.76,5,30,0
439,1,8,6,0,0,3,1.75,3,1,1.8,3.8,5,2,3,4,6,3,2,1,2,2,3,2,4,2,2,5,3,3,4,2,3,1,1,2,2.4,2.8,2.8,3.6,2.857142857,1.285714286,1,2.6,3.2,-0.6,56,0.86,10,29.32,0.3
439,1,9,7,3,2,8,2.5,3,1,1,5.4,4.333333333,2,3,2,4,4,3,2,2,4,5,3,4,3,3,4,2,2,3,1,2,1,1,2,3,3.4,2.4,2.8,3.285714286,1.285714286,1,3.2,2.6,0.6,42,0.74,20,29.54,0
439,1,10,10,4,4,3,3,3,1,1.6,4.8,5.5,2,3,4,4,5,4,3,1,3,4,2,4,3,5,6,2,7,5,1,3,2,2,3,4,4.2,3.2,2.8,3.428571429,1.285714286,1,4.1,3,1.1,50,0.69,8,29.88,0
439,1,11,3,0,3,3,0.75,3,1,1.6,1.8,5.333333333,2,3,6,4,3,2,1,2,3,3,2,2,2,1,7,2,2,3,4,4,1,2,2,2.4,2.4,4,2.8,3,1,0,2.4,3.4,-1,48,0.66,8,29.46,0.05
439,1,12,3,0,2,3,0.75,2,1.8,1.8,4.4,4.5,2,3,5,3,2,2,5,6,3,2,7,2,2,3,7,5,2,2,3,7,4,4,3,2.2,2.4,5.4,4.6,3.142857143,1,0,2.3,5,-2.7,34,0.66,14,29.38,0
439,1,13,3,0,3,3,1.75,4,1,1,5,4.833333333,3,3,7,5,5,2,4,2,2,4,3,3,3,1,7,2,5,2,1,3,1,2,2,3.6,2.4,4.4,3,3.285714286,1.285714286,0,3,3.7,-0.7,39,0.54,10,29.59,0
439,1,14,5,2,2,3,2,4,1,1,4,4.333333333,2,2,7,4,3,3,1,4,4,5,2,3,2,1,7,2,3,4,2,2,1,1,4,2.8,3,3.8,3,2.857142857,1.142857143,0,2.9,3.4,-0.5,44,0.39,3,29.74,0
439,1,15,7,3,2,3,3,4,1,1,5.2,4.333333333,3,3,5,2,4,3,2,1,4,5,3,4,3,2,6,1,6,5,2,1,1,4,1,4,3.6,3.6,1.8,3.571428571,1.142857143,0,3.8,2.7,1.1,40,0.62,2,29.9,0.04
439,1,16,7,4,0,3,3.5,4,1,1,6,4,6,5,3,2,6,4,1,1,4,5,2,3,3,6,2,1,7,5,2,2,1,2,1,5.2,5,2,1.8,3.142857143,1.142857143,1,5.1,1.9,3.2,46,0.64,10,30.11,0
439,1,17,7,4,4,3,3,3,1,1,6,4.5,7,4,3,2,5,4,2,1,3,4,2,3,3,6,3,2,4,5,1,2,1,2,1,4.4,4.6,2.2,2,3.571428571,1.285714286,1,4.5,2.1,2.4,40,0.35,9,30.2,0
439,1,18,5,2,3,3,3,3,1,1,5,4.666666667,4,3,2,5,4,3,1,5,4,4,3,3,4,4,2,3,5,4,2,1,1,1,1,4.2,3.6,2,3.4,2.714285714,1.285714286,1,3.9,2.7,1.2,39,0.38,3,30.19,0
439,1,19,7,3,1,3,2.75,3,1,1,4,4.5,2,3,2,3,4,2,1,1,3,5,3,2,3,4,3,1,3,5,1,2,1,1,1,3,3.8,2,1.8,3.428571429,1.714285714,1,3.4,1.9,1.5,40,0.93,5,30.02,0.08
439,1,20,NA,NA,NA,3,2.5,4,1,1,4.8,4.166666667,2,3,4,2,5,2,1,1,3,6,1,3,4,4,5,1,3,4,2,2,2,5,2,3.4,3.8,2.6,1.8,3.714285714,1.428571429,0,3.6,2.2,1.4,42,0.95,8,30.07,0.43
439,1,21,7,3,4,3,2.75,3,1,1,4.8,4.166666667,3,4,1,5,5,3,2,1,4,5,1,4,2,6,2,1,3,4,2,3,2,2,2,3.4,4.4,1.6,2.8,3.285714286,1.571428571,1,3.9,2.2,1.7,47,0.7,3,30.32,0
